route,airline_nm,direct,depart_dt,col_pre_depart_dt,search_dt,col_days_bf_depart,ticket_price,price_on_depart_date,col_saving_rate,col_day_of_week
LON-to-ICN,Asiana Airlines,direct, 24/5,2023-05-24,2023-03-25,-60,686.0,689.0,0.43541364296081275,Wednesday
LON-to-ICN,Korean Air,direct, 24/5,2023-05-24,2023-03-25,-60,658.0,713.0,7.713884992987377,Wednesday
LON-to-ICN,Asiana Airlines,direct, 24/5,2023-05-24,2023-03-26,-59,712.0,689.0,-3.3381712626995643,Wednesday
LON-to-ICN,Korean Air,direct, 24/5,2023-05-24,2023-03-26,-59,658.0,713.0,7.713884992987377,Wednesday
LON-to-ICN,Asiana Airlines,direct, 24/5,2023-05-24,2023-03-27,-58,710.0,689.0,-3.0478955007256894,Wednesday
LON-to-ICN,Korean Air,direct, 24/5,2023-05-24,2023-03-27,-58,674.0,713.0,5.46984572230014,Wednesday
LON-to-ICN,Virgin Atlantic,direct, 24/5,2023-05-24,2023-03-27,-58,734.0,757.0,3.038309114927345,Wednesday
LON-to-ICN,Asiana Airlines,direct, 24/5,2023-05-24,2023-03-28,-57,686.0,689.0,0.43541364296081275,Wednesday
LON-to-ICN,Korean Air,direct, 24/5,2023-05-24,2023-03-28,-57,657.0,713.0,7.854137447405329,Wednesday
LON-to-ICN,Virgin Atlantic,direct, 24/5,2023-05-24,2023-03-28,-57,735.0,757.0,2.9062087186261563,Wednesday
LON-to-ICN,Asiana Airlines,direct, 24/5,2023-05-24,2023-03-29,-56,686.0,689.0,0.43541364296081275,Wednesday
LON-to-ICN,Korean Air,direct, 24/5,2023-05-24,2023-03-29,-56,658.0,713.0,7.713884992987377,Wednesday
LON-to-ICN,Virgin Atlantic,direct, 24/5,2023-05-24,2023-03-29,-56,736.0,757.0,2.774108322324967,Wednesday
LON-to-ICN,Asiana Airlines,direct, 24/5,2023-05-24,2023-03-30,-55,686.0,689.0,0.43541364296081275,Wednesday
LON-to-ICN,Korean Air,direct, 24/5,2023-05-24,2023-03-30,-55,649.0,713.0,8.976157082748948,Wednesday
LON-to-ICN,Virgin Atlantic,direct, 24/5,2023-05-24,2023-03-30,-55,695.0,757.0,8.190224570673713,Wednesday
LON-to-ICN,Asiana Airlines,direct, 24/5,2023-05-24,2023-03-31,-54,724.0,689.0,-5.079825834542816,Wednesday
LON-to-ICN,Korean Air,direct, 24/5,2023-05-24,2023-03-31,-54,674.0,713.0,5.46984572230014,Wednesday
LON-to-ICN,Virgin Atlantic,direct, 24/5,2023-05-24,2023-03-31,-54,715.0,757.0,5.548216644649934,Wednesday
LON-to-ICN,Asiana Airlines,direct, 24/5,2023-05-24,2023-04-01,-53,599.0,689.0,13.062409288824382,Wednesday
LON-to-ICN,Korean Air,direct, 24/5,2023-05-24,2023-04-01,-53,657.0,713.0,7.854137447405329,Wednesday
LON-to-ICN,Virgin Atlantic,direct, 24/5,2023-05-24,2023-04-01,-53,703.0,757.0,7.133421400264202,Wednesday
LON-to-ICN,Asiana Airlines,direct, 24/5,2023-05-24,2023-04-02,-52,599.0,689.0,13.062409288824382,Wednesday
LON-to-ICN,Korean Air,direct, 24/5,2023-05-24,2023-04-02,-52,657.0,713.0,7.854137447405329,Wednesday
LON-to-ICN,Virgin Atlantic,direct, 24/5,2023-05-24,2023-04-02,-52,703.0,757.0,7.133421400264202,Wednesday
LON-to-ICN,Asiana Airlines,direct, 24/5,2023-05-24,2023-04-03,-51,599.0,689.0,13.062409288824382,Wednesday
LON-to-ICN,Korean Air,direct, 24/5,2023-05-24,2023-04-03,-51,657.0,713.0,7.854137447405329,Wednesday
LON-to-ICN,Virgin Atlantic,direct, 24/5,2023-05-24,2023-04-03,-51,703.0,757.0,7.133421400264202,Wednesday
LON-to-ICN,Asiana Airlines,direct, 24/5,2023-05-24,2023-04-04,-50,607.0,689.0,11.901306240928882,Wednesday
LON-to-ICN,Korean Air,direct, 24/5,2023-05-24,2023-04-04,-50,679.0,713.0,4.768583450210379,Wednesday
LON-to-ICN,Virgin Atlantic,direct, 24/5,2023-05-24,2023-04-04,-50,721.0,757.0,4.755614266842801,Wednesday
LON-to-ICN,Asiana Airlines,direct, 24/5,2023-05-24,2023-04-05,-49,596.0,689.0,13.497822931785196,Wednesday
LON-to-ICN,Korean Air,direct, 24/5,2023-05-24,2023-04-05,-49,654.0,713.0,8.274894810659186,Wednesday
LON-to-ICN,Virgin Atlantic,direct, 24/5,2023-05-24,2023-04-05,-49,700.0,757.0,7.529722589167768,Wednesday
LON-to-ICN,Asiana Airlines,direct, 24/5,2023-05-24,2023-04-07,-47,596.0,689.0,13.497822931785196,Wednesday
LON-to-ICN,Korean Air,direct, 24/5,2023-05-24,2023-04-07,-47,654.0,713.0,8.274894810659186,Wednesday
LON-to-ICN,Virgin Atlantic,direct, 24/5,2023-05-24,2023-04-07,-47,700.0,757.0,7.529722589167768,Wednesday
LON-to-ICN,Asiana Airlines,direct, 24/5,2023-05-24,2023-04-08,-46,598.0,689.0,13.20754716981132,Wednesday
LON-to-ICN,Korean Air,direct, 24/5,2023-05-24,2023-04-08,-46,656.0,713.0,7.994389901823282,Wednesday
LON-to-ICN,Virgin Atlantic,direct, 24/5,2023-05-24,2023-04-08,-46,702.0,757.0,7.26552179656539,Wednesday
LON-to-ICN,Asiana Airlines,direct, 24/5,2023-05-24,2023-04-09,-45,599.0,689.0,13.062409288824382,Wednesday
LON-to-ICN,Asiana Airlines,direct, 24/5,2023-05-24,2023-04-09,-45,626.0,689.0,9.143686502177069,Wednesday
LON-to-ICN,Korean Air,direct, 24/5,2023-05-24,2023-04-09,-45,657.0,713.0,7.854137447405329,Wednesday
LON-to-ICN,Virgin Atlantic,direct, 24/5,2023-05-24,2023-04-09,-45,703.0,757.0,7.133421400264202,Wednesday
LON-to-ICN,Asiana Airlines,direct, 24/5,2023-05-24,2023-04-13,-41,608.0,689.0,11.756168359941944,Wednesday
LON-to-ICN,Korean Air,direct, 24/5,2023-05-24,2023-04-13,-41,620.0,713.0,13.043478260869565,Wednesday
LON-to-ICN,Virgin Atlantic,direct, 24/5,2023-05-24,2023-04-13,-41,646.0,757.0,14.663143989431969,Wednesday
LON-to-ICN,Asiana Airlines,direct, 24/5,2023-05-24,2023-04-14,-40,600.0,689.0,12.917271407837445,Wednesday
LON-to-ICN,Korean Air,direct, 24/5,2023-05-24,2023-04-14,-40,599.0,713.0,15.988779803646564,Wednesday
LON-to-ICN,Virgin Atlantic,direct, 24/5,2023-05-24,2023-04-14,-40,638.0,757.0,15.719947159841482,Wednesday
LON-to-ICN,Asiana Airlines,direct, 24/5,2023-05-24,2023-04-15,-39,599.0,689.0,13.062409288824382,Wednesday
LON-to-ICN,Korean Air,direct, 24/5,2023-05-24,2023-04-15,-39,598.0,713.0,16.129032258064516,Wednesday
LON-to-ICN,Virgin Atlantic,direct, 24/5,2023-05-24,2023-04-15,-39,637.0,757.0,15.85204755614267,Wednesday
LON-to-ICN,Asiana Airlines,direct, 24/5,2023-05-24,2023-04-16,-38,599.0,689.0,13.062409288824382,Wednesday
LON-to-ICN,Korean Air,direct, 24/5,2023-05-24,2023-04-16,-38,598.0,713.0,16.129032258064516,Wednesday
LON-to-ICN,Virgin Atlantic,direct, 24/5,2023-05-24,2023-04-16,-38,637.0,757.0,15.85204755614267,Wednesday
LON-to-ICN,Asiana Airlines,direct, 24/5,2023-05-24,2023-04-17,-37,599.0,689.0,13.062409288824382,Wednesday
LON-to-ICN,Korean Air,direct, 24/5,2023-05-24,2023-04-17,-37,598.0,713.0,16.129032258064516,Wednesday
LON-to-ICN,Virgin Atlantic,direct, 24/5,2023-05-24,2023-04-17,-37,637.0,757.0,15.85204755614267,Wednesday
LON-to-ICN,Asiana Airlines,direct, 24/5,2023-05-24,2023-04-18,-36,602.0,689.0,12.62699564586357,Wednesday
LON-to-ICN,Korean Air,direct, 24/5,2023-05-24,2023-04-18,-36,601.0,713.0,15.708274894810659,Wednesday
LON-to-ICN,Virgin Atlantic,direct, 24/5,2023-05-24,2023-04-18,-36,640.0,757.0,15.455746367239103,Wednesday
LON-to-ICN,Asiana Airlines,direct, 24/5,2023-05-24,2023-04-19,-35,599.0,689.0,13.062409288824382,Wednesday
LON-to-ICN,Korean Air,direct, 24/5,2023-05-24,2023-04-19,-35,598.0,713.0,16.129032258064516,Wednesday
LON-to-ICN,Virgin Atlantic,direct, 24/5,2023-05-24,2023-04-19,-35,637.0,757.0,15.85204755614267,Wednesday
LON-to-ICN,Asiana Airlines,direct, 24/5,2023-05-24,2023-04-20,-34,599.0,689.0,13.062409288824382,Wednesday
LON-to-ICN,Korean Air,direct, 24/5,2023-05-24,2023-04-20,-34,657.0,713.0,7.854137447405329,Wednesday
LON-to-ICN,Virgin Atlantic,direct, 24/5,2023-05-24,2023-04-20,-34,703.0,757.0,7.133421400264202,Wednesday
LON-to-ICN,Asiana Airlines,direct, 24/5,2023-05-24,2023-04-21,-33,595.0,689.0,13.642960812772133,Wednesday
LON-to-ICN,Korean Air,direct, 24/5,2023-05-24,2023-04-21,-33,594.0,713.0,16.690042075736326,Wednesday
LON-to-ICN,Virgin Atlantic,direct, 24/5,2023-05-24,2023-04-21,-33,699.0,757.0,7.661822985468957,Wednesday
LON-to-ICN,Asiana Airlines,direct, 24/5,2023-05-24,2023-04-22,-32,606.0,689.0,12.046444121915819,Wednesday
LON-to-ICN,Korean Air,direct, 24/5,2023-05-24,2023-04-22,-32,620.0,713.0,13.043478260869565,Wednesday
LON-to-ICN,Virgin Atlantic,direct, 24/5,2023-05-24,2023-04-22,-32,663.0,757.0,12.417437252311759,Wednesday
LON-to-ICN,Asiana Airlines,direct, 24/5,2023-05-24,2023-04-23,-31,598.0,689.0,13.20754716981132,Wednesday
LON-to-ICN,Korean Air,direct, 24/5,2023-05-24,2023-04-23,-31,597.0,713.0,16.269284712482467,Wednesday
LON-to-ICN,Virgin Atlantic,direct, 24/5,2023-05-24,2023-04-23,-31,658.0,757.0,13.077939233817702,Wednesday
LON-to-ICN,Asiana Airlines,direct, 24/5,2023-05-24,2023-04-24,-30,599.0,689.0,13.062409288824382,Wednesday
LON-to-ICN,Korean Air,direct, 24/5,2023-05-24,2023-04-24,-30,598.0,713.0,16.129032258064516,Wednesday
LON-to-ICN,Virgin Atlantic,direct, 24/5,2023-05-24,2023-04-24,-30,637.0,757.0,15.85204755614267,Wednesday
LON-to-ICN,Asiana Airlines,direct, 24/5,2023-05-24,2023-04-25,-29,605.0,689.0,12.191582002902758,Wednesday
LON-to-ICN,Korean Air,direct, 24/5,2023-05-24,2023-04-25,-29,620.0,713.0,13.043478260869565,Wednesday
LON-to-ICN,Virgin Atlantic,direct, 24/5,2023-05-24,2023-04-25,-29,656.0,757.0,13.342140026420081,Wednesday
LON-to-ICN,Asiana Airlines,direct, 24/5,2023-05-24,2023-04-26,-28,605.0,689.0,12.191582002902758,Wednesday
LON-to-ICN,Korean Air,direct, 24/5,2023-05-24,2023-04-26,-28,620.0,713.0,13.043478260869565,Wednesday
LON-to-ICN,Virgin Atlantic,direct, 24/5,2023-05-24,2023-04-26,-28,656.0,757.0,13.342140026420081,Wednesday
LON-to-ICN,Asiana Airlines,direct, 24/5,2023-05-24,2023-04-27,-27,606.0,689.0,12.046444121915819,Wednesday
LON-to-ICN,Korean Air,direct, 24/5,2023-05-24,2023-04-27,-27,620.0,713.0,13.043478260869565,Wednesday
LON-to-ICN,Virgin Atlantic,direct, 24/5,2023-05-24,2023-04-27,-27,653.0,757.0,13.738441215323647,Wednesday
LON-to-ICN,Asiana Airlines,direct, 24/5,2023-05-24,2023-04-28,-26,599.0,689.0,13.062409288824382,Wednesday
LON-to-ICN,Korean Air,direct, 24/5,2023-05-24,2023-04-28,-26,598.0,713.0,16.129032258064516,Wednesday
LON-to-ICN,Virgin Atlantic,direct, 24/5,2023-05-24,2023-04-28,-26,637.0,757.0,15.85204755614267,Wednesday
LON-to-ICN,Asiana Airlines,direct, 24/5,2023-05-24,2023-04-29,-25,598.0,689.0,13.20754716981132,Wednesday
LON-to-ICN,Korean Air,direct, 24/5,2023-05-24,2023-04-29,-25,597.0,713.0,16.269284712482467,Wednesday
LON-to-ICN,Virgin Atlantic,direct, 24/5,2023-05-24,2023-04-29,-25,636.0,757.0,15.984147952443859,Wednesday
LON-to-ICN,Asiana Airlines,direct, 24/5,2023-05-24,2023-04-30,-24,600.0,689.0,12.917271407837445,Wednesday
LON-to-ICN,Korean Air,direct, 24/5,2023-05-24,2023-04-30,-24,599.0,713.0,15.988779803646564,Wednesday
LON-to-ICN,Virgin Atlantic,direct, 24/5,2023-05-24,2023-04-30,-24,638.0,757.0,15.719947159841482,Wednesday
LON-to-ICN,Asiana Airlines,direct, 24/5,2023-05-24,2023-05-01,-23,606.0,689.0,12.046444121915819,Wednesday
LON-to-ICN,Asiana Airlines,direct, 24/5,2023-05-24,2023-05-01,-23,626.0,689.0,9.143686502177069,Wednesday
LON-to-ICN,Korean Air,direct, 24/5,2023-05-24,2023-05-01,-23,620.0,713.0,13.043478260869565,Wednesday
LON-to-ICN,Virgin Atlantic,direct, 24/5,2023-05-24,2023-05-01,-23,656.0,757.0,13.342140026420081,Wednesday
LON-to-ICN,Asiana Airlines,direct, 24/5,2023-05-24,2023-05-03,-21,606.0,689.0,12.046444121915819,Wednesday
LON-to-ICN,Korean Air,direct, 24/5,2023-05-24,2023-05-03,-21,620.0,713.0,13.043478260869565,Wednesday
LON-to-ICN,Virgin Atlantic,direct, 24/5,2023-05-24,2023-05-03,-21,656.0,757.0,13.342140026420081,Wednesday
LON-to-ICN,Asiana Airlines,direct, 24/5,2023-05-24,2023-05-04,-20,603.0,689.0,12.481857764876633,Wednesday
LON-to-ICN,Korean Air,direct, 24/5,2023-05-24,2023-05-04,-20,602.0,713.0,15.568022440392706,Wednesday
LON-to-ICN,Virgin Atlantic,direct, 24/5,2023-05-24,2023-05-04,-20,641.0,757.0,15.323645970937914,Wednesday
LON-to-ICN,Asiana Airlines,direct, 24/5,2023-05-24,2023-05-05,-19,604.0,689.0,12.336719883889694,Wednesday
LON-to-ICN,Korean Air,direct, 24/5,2023-05-24,2023-05-05,-19,620.0,713.0,13.043478260869565,Wednesday
LON-to-ICN,Virgin Atlantic,direct, 24/5,2023-05-24,2023-05-05,-19,655.0,757.0,13.47424042272127,Wednesday
LON-to-ICN,Asiana Airlines,direct, 24/5,2023-05-24,2023-05-06,-18,602.0,689.0,12.62699564586357,Wednesday
LON-to-ICN,Korean Air,direct, 24/5,2023-05-24,2023-05-06,-18,601.0,713.0,15.708274894810659,Wednesday
LON-to-ICN,Virgin Atlantic,direct, 24/5,2023-05-24,2023-05-06,-18,640.0,757.0,15.455746367239103,Wednesday
LON-to-ICN,Asiana Airlines,direct, 24/5,2023-05-24,2023-05-07,-17,603.0,689.0,12.481857764876633,Wednesday
LON-to-ICN,Korean Air,direct, 24/5,2023-05-24,2023-05-07,-17,602.0,713.0,15.568022440392706,Wednesday
LON-to-ICN,Virgin Atlantic,direct, 24/5,2023-05-24,2023-05-07,-17,641.0,757.0,15.323645970937914,Wednesday
LON-to-ICN,Asiana Airlines,direct, 24/5,2023-05-24,2023-05-08,-16,605.0,689.0,12.191582002902758,Wednesday
LON-to-ICN,Asiana Airlines,direct, 24/5,2023-05-24,2023-05-08,-16,626.0,689.0,9.143686502177069,Wednesday
LON-to-ICN,Korean Air,direct, 24/5,2023-05-24,2023-05-08,-16,620.0,713.0,13.043478260869565,Wednesday
LON-to-ICN,Virgin Atlantic,direct, 24/5,2023-05-24,2023-05-08,-16,648.0,757.0,14.398943196829592,Wednesday
LON-to-ICN,Asiana Airlines,direct, 24/5,2023-05-24,2023-05-09,-15,600.0,689.0,12.917271407837445,Wednesday
LON-to-ICN,Korean Air,direct, 24/5,2023-05-24,2023-05-09,-15,599.0,713.0,15.988779803646564,Wednesday
LON-to-ICN,Virgin Atlantic,direct, 24/5,2023-05-24,2023-05-09,-15,654.0,757.0,13.606340819022458,Wednesday
LON-to-ICN,Asiana Airlines,direct, 24/5,2023-05-24,2023-05-10,-14,686.0,689.0,0.43541364296081275,Wednesday
LON-to-ICN,Virgin Atlantic,direct, 24/5,2023-05-24,2023-05-10,-14,654.0,757.0,13.606340819022458,Wednesday
LON-to-ICN,Asiana Airlines,direct, 24/5,2023-05-24,2023-05-11,-13,686.0,689.0,0.43541364296081275,Wednesday
LON-to-ICN,Korean Air,direct, 24/5,2023-05-24,2023-05-11,-13,689.0,713.0,3.3660589060308554,Wednesday
LON-to-ICN,Virgin Atlantic,direct, 24/5,2023-05-24,2023-05-11,-13,654.0,757.0,13.606340819022458,Wednesday
LON-to-ICN,Asiana Airlines,direct, 24/5,2023-05-24,2023-05-12,-12,686.0,689.0,0.43541364296081275,Wednesday
LON-to-ICN,Korean Air,direct, 24/5,2023-05-24,2023-05-12,-12,690.0,713.0,3.225806451612903,Wednesday
LON-to-ICN,Virgin Atlantic,direct, 24/5,2023-05-24,2023-05-12,-12,654.0,757.0,13.606340819022458,Wednesday
LON-to-ICN,Virgin Atlantic,direct, 24/5,2023-05-24,2023-05-13,-11,653.0,757.0,13.738441215323647,Wednesday
LON-to-ICN,Asiana Airlines,direct, 24/5,2023-05-24,2023-05-14,-10,685.0,689.0,0.5805515239477503,Wednesday
LON-to-ICN,Asiana Airlines,direct, 24/5,2023-05-24,2023-05-14,-10,738.0,689.0,-7.111756168359942,Wednesday
LON-to-ICN,Korean Air,direct, 24/5,2023-05-24,2023-05-14,-10,708.0,713.0,0.7012622720897616,Wednesday
LON-to-ICN,Virgin Atlantic,direct, 24/5,2023-05-24,2023-05-14,-10,654.0,757.0,13.606340819022458,Wednesday
LON-to-ICN,Asiana Airlines,direct, 24/5,2023-05-24,2023-05-15,-9,686.0,689.0,0.43541364296081275,Wednesday
LON-to-ICN,Korean Air,direct, 24/5,2023-05-24,2023-05-15,-9,708.0,713.0,0.7012622720897616,Wednesday
LON-to-ICN,Virgin Atlantic,direct, 24/5,2023-05-24,2023-05-15,-9,654.0,757.0,13.606340819022458,Wednesday
LON-to-ICN,Asiana Airlines,direct, 24/5,2023-05-24,2023-05-16,-8,685.0,689.0,0.5805515239477503,Wednesday
LON-to-ICN,Korean Air,direct, 24/5,2023-05-24,2023-05-16,-8,708.0,713.0,0.7012622720897616,Wednesday
LON-to-ICN,Virgin Atlantic,direct, 24/5,2023-05-24,2023-05-16,-8,657.0,757.0,13.210039630118892,Wednesday
LON-to-ICN,Asiana Airlines,direct, 24/5,2023-05-24,2023-05-17,-7,685.0,689.0,0.5805515239477503,Wednesday
LON-to-ICN,Korean Air,direct, 24/5,2023-05-24,2023-05-17,-7,708.0,713.0,0.7012622720897616,Wednesday
LON-to-ICN,Virgin Atlantic,direct, 24/5,2023-05-24,2023-05-17,-7,654.0,757.0,13.606340819022458,Wednesday
LON-to-ICN,Asiana Airlines,direct, 24/5,2023-05-24,2023-05-18,-6,685.0,689.0,0.5805515239477503,Wednesday
LON-to-ICN,Korean Air,direct, 24/5,2023-05-24,2023-05-18,-6,708.0,713.0,0.7012622720897616,Wednesday
LON-to-ICN,Virgin Atlantic,direct, 24/5,2023-05-24,2023-05-18,-6,654.0,757.0,13.606340819022458,Wednesday
LON-to-ICN,Asiana Airlines,direct, 24/5,2023-05-24,2023-05-19,-5,685.0,689.0,0.5805515239477503,Wednesday
LON-to-ICN,Korean Air,direct, 24/5,2023-05-24,2023-05-19,-5,686.0,713.0,3.7868162692847123,Wednesday
LON-to-ICN,Virgin Atlantic,direct, 24/5,2023-05-24,2023-05-19,-5,654.0,757.0,13.606340819022458,Wednesday
LON-to-ICN,Asiana Airlines,direct, 24/5,2023-05-24,2023-05-20,-4,685.0,689.0,0.5805515239477503,Wednesday
LON-to-ICN,Korean Air,direct, 24/5,2023-05-24,2023-05-20,-4,708.0,713.0,0.7012622720897616,Wednesday
LON-to-ICN,Virgin Atlantic,direct, 24/5,2023-05-24,2023-05-20,-4,654.0,757.0,13.606340819022458,Wednesday
LON-to-ICN,Asiana Airlines,direct, 24/5,2023-05-24,2023-05-21,-3,685.0,689.0,0.5805515239477503,Wednesday
LON-to-ICN,Korean Air,direct, 24/5,2023-05-24,2023-05-21,-3,689.0,713.0,3.3660589060308554,Wednesday
LON-to-ICN,Virgin Atlantic,direct, 24/5,2023-05-24,2023-05-21,-3,640.0,757.0,15.455746367239103,Wednesday
LON-to-ICN,Asiana Airlines,direct, 24/5,2023-05-24,2023-05-22,-2,685.0,689.0,0.5805515239477503,Wednesday
LON-to-ICN,Korean Air,direct, 24/5,2023-05-24,2023-05-22,-2,708.0,713.0,0.7012622720897616,Wednesday
LON-to-ICN,Virgin Atlantic,direct, 24/5,2023-05-24,2023-05-22,-2,654.0,757.0,13.606340819022458,Wednesday
LON-to-ICN,Asiana Airlines,direct, 24/5,2023-05-24,2023-05-23,-1,685.0,689.0,0.5805515239477503,Wednesday
LON-to-ICN,Asiana Airlines,direct, 24/5,2023-05-24,2023-05-23,-1,714.0,689.0,-3.6284470246734397,Wednesday
LON-to-ICN,Korean Air,direct, 24/5,2023-05-24,2023-05-23,-1,708.0,713.0,0.7012622720897616,Wednesday
LON-to-ICN,Virgin Atlantic,direct, 24/5,2023-05-24,2023-05-23,-1,656.0,757.0,13.342140026420081,Wednesday
LON-to-ICN,Asiana Airlines,direct, 25/5,2023-05-25,2023-03-25,-61,686.0,771.0,11.024643320363166,Thursday
LON-to-ICN,Korean Air,direct, 25/5,2023-05-25,2023-03-25,-61,774.0,801.0,3.3707865168539324,Thursday
LON-to-ICN,Asiana Airlines,direct, 25/5,2023-05-25,2023-03-26,-60,686.0,771.0,11.024643320363166,Thursday
LON-to-ICN,Korean Air,direct, 25/5,2023-05-25,2023-03-26,-60,774.0,801.0,3.3707865168539324,Thursday
LON-to-ICN,Asiana Airlines,direct, 25/5,2023-05-25,2023-03-27,-59,686.0,771.0,11.024643320363166,Thursday
LON-to-ICN,Asiana Airlines,direct, 25/5,2023-05-25,2023-03-28,-58,686.0,771.0,11.024643320363166,Thursday
LON-to-ICN,Korean Air,direct, 25/5,2023-05-25,2023-03-28,-58,773.0,801.0,3.495630461922597,Thursday
LON-to-ICN,Asiana Airlines,direct, 25/5,2023-05-25,2023-03-29,-57,686.0,771.0,11.024643320363166,Thursday
LON-to-ICN,Korean Air,direct, 25/5,2023-05-25,2023-03-29,-57,774.0,801.0,3.3707865168539324,Thursday
LON-to-ICN,Asiana Airlines,direct, 25/5,2023-05-25,2023-03-30,-56,686.0,771.0,11.024643320363166,Thursday
LON-to-ICN,Korean Air,direct, 25/5,2023-05-25,2023-03-30,-56,802.0,801.0,-0.12484394506866417,Thursday
LON-to-ICN,Asiana Airlines,direct, 25/5,2023-05-25,2023-03-31,-55,686.0,771.0,11.024643320363166,Thursday
LON-to-ICN,Korean Air,direct, 25/5,2023-05-25,2023-03-31,-55,811.0,801.0,-1.2484394506866416,Thursday
LON-to-ICN,Asiana Airlines,direct, 25/5,2023-05-25,2023-04-01,-54,599.0,771.0,22.30869001297017,Thursday
LON-to-ICN,Korean Air,direct, 25/5,2023-05-25,2023-04-01,-54,861.0,801.0,-7.49063670411985,Thursday
LON-to-ICN,Virgin Atlantic,direct, 25/5,2023-05-25,2023-04-01,-54,995.0,854.0,-16.510538641686182,Thursday
LON-to-ICN,Asiana Airlines,direct, 25/5,2023-05-25,2023-04-02,-53,599.0,771.0,22.30869001297017,Thursday
LON-to-ICN,Asiana Airlines,direct, 25/5,2023-05-25,2023-04-03,-52,623.0,771.0,19.1958495460441,Thursday
LON-to-ICN,Asiana Airlines,direct, 25/5,2023-05-25,2023-04-04,-51,608.0,771.0,21.141374837872895,Thursday
LON-to-ICN,Asiana Airlines,direct, 25/5,2023-05-25,2023-04-05,-50,736.0,771.0,4.539559014267186,Thursday
LON-to-ICN,Korean Air,direct, 25/5,2023-05-25,2023-04-05,-50,917.0,801.0,-14.481897627965044,Thursday
LON-to-ICN,Asiana Airlines,direct, 25/5,2023-05-25,2023-04-06,-49,739.0,771.0,4.150453955901427,Thursday
LON-to-ICN,Korean Air,direct, 25/5,2023-05-25,2023-04-06,-49,920.0,801.0,-14.856429463171036,Thursday
LON-to-ICN,Virgin Atlantic,direct, 25/5,2023-05-25,2023-04-06,-49,995.0,854.0,-16.510538641686182,Thursday
LON-to-ICN,Asiana Airlines,direct, 25/5,2023-05-25,2023-04-07,-48,736.0,771.0,4.539559014267186,Thursday
LON-to-ICN,Asiana Airlines,direct, 25/5,2023-05-25,2023-04-07,-48,766.0,771.0,0.648508430609598,Thursday
LON-to-ICN,Korean Air,direct, 25/5,2023-05-25,2023-04-07,-48,917.0,801.0,-14.481897627965044,Thursday
LON-to-ICN,Virgin Atlantic,direct, 25/5,2023-05-25,2023-04-07,-48,1014.0,854.0,-18.73536299765808,Thursday
LON-to-ICN,Asiana Airlines,direct, 25/5,2023-05-25,2023-04-08,-47,738.0,771.0,4.280155642023347,Thursday
LON-to-ICN,Korean Air,direct, 25/5,2023-05-25,2023-04-08,-47,919.0,801.0,-14.731585518102372,Thursday
LON-to-ICN,Asiana Airlines,direct, 25/5,2023-05-25,2023-04-09,-46,739.0,771.0,4.150453955901427,Thursday
LON-to-ICN,Asiana Airlines,direct, 25/5,2023-05-25,2023-04-13,-42,608.0,771.0,21.141374837872895,Thursday
LON-to-ICN,Asiana Airlines,direct, 25/5,2023-05-25,2023-04-14,-41,821.0,771.0,-6.48508430609598,Thursday
LON-to-ICN,Asiana Airlines,direct, 25/5,2023-05-25,2023-04-15,-40,821.0,771.0,-6.48508430609598,Thursday
LON-to-ICN,Asiana Airlines,direct, 25/5,2023-05-25,2023-04-16,-39,821.0,771.0,-6.48508430609598,Thursday
LON-to-ICN,Asiana Airlines,direct, 25/5,2023-05-25,2023-04-17,-38,821.0,771.0,-6.48508430609598,Thursday
LON-to-ICN,Asiana Airlines,direct, 25/5,2023-05-25,2023-04-18,-37,821.0,771.0,-6.48508430609598,Thursday
LON-to-ICN,Asiana Airlines,direct, 25/5,2023-05-25,2023-04-19,-36,821.0,771.0,-6.48508430609598,Thursday
LON-to-ICN,Korean Air,direct, 25/5,2023-05-25,2023-04-19,-36,1096.0,801.0,-36.82896379525593,Thursday
LON-to-ICN,Asiana Airlines,direct, 25/5,2023-05-25,2023-04-20,-35,821.0,771.0,-6.48508430609598,Thursday
LON-to-ICN,Asiana Airlines,direct, 25/5,2023-05-25,2023-04-21,-34,821.0,771.0,-6.48508430609598,Thursday
LON-to-ICN,Asiana Airlines,direct, 25/5,2023-05-25,2023-04-22,-33,821.0,771.0,-6.48508430609598,Thursday
LON-to-ICN,Asiana Airlines,direct, 25/5,2023-05-25,2023-04-23,-32,821.0,771.0,-6.48508430609598,Thursday
LON-to-ICN,Asiana Airlines,direct, 25/5,2023-05-25,2023-04-24,-31,821.0,771.0,-6.48508430609598,Thursday
LON-to-ICN,Asiana Airlines,direct, 25/5,2023-05-25,2023-04-25,-30,821.0,771.0,-6.48508430609598,Thursday
LON-to-ICN,Asiana Airlines,direct, 25/5,2023-05-25,2023-04-26,-29,821.0,771.0,-6.48508430609598,Thursday
LON-to-ICN,Asiana Airlines,direct, 25/5,2023-05-25,2023-04-27,-28,821.0,771.0,-6.48508430609598,Thursday
LON-to-ICN,Asiana Airlines,direct, 25/5,2023-05-25,2023-04-28,-27,821.0,771.0,-6.48508430609598,Thursday
LON-to-ICN,Asiana Airlines,direct, 25/5,2023-05-25,2023-04-29,-26,821.0,771.0,-6.48508430609598,Thursday
LON-to-ICN,Asiana Airlines,direct, 25/5,2023-05-25,2023-04-30,-25,821.0,771.0,-6.48508430609598,Thursday
LON-to-ICN,Asiana Airlines,direct, 25/5,2023-05-25,2023-05-01,-24,821.0,771.0,-6.48508430609598,Thursday
LON-to-ICN,Asiana Airlines,direct, 25/5,2023-05-25,2023-05-03,-22,867.0,771.0,-12.451361867704282,Thursday
LON-to-ICN,Asiana Airlines,direct, 25/5,2023-05-25,2023-05-05,-20,910.0,771.0,-18.028534370946822,Thursday
LON-to-ICN,Asiana Airlines,direct, 25/5,2023-05-25,2023-05-06,-19,868.0,771.0,-12.581063553826201,Thursday
LON-to-ICN,Asiana Airlines,direct, 25/5,2023-05-25,2023-05-08,-17,868.0,771.0,-12.581063553826201,Thursday
LON-to-ICN,Asiana Airlines,direct, 25/5,2023-05-25,2023-05-10,-15,1023.0,771.0,-32.68482490272374,Thursday
LON-to-ICN,Asiana Airlines,direct, 25/5,2023-05-25,2023-05-15,-10,767.0,771.0,0.5188067444876784,Thursday
LON-to-ICN,Asiana Airlines,direct, 25/5,2023-05-25,2023-05-16,-9,690.0,771.0,10.505836575875488,Thursday
LON-to-ICN,Asiana Airlines,direct, 25/5,2023-05-25,2023-05-16,-9,801.0,771.0,-3.891050583657588,Thursday
LON-to-ICN,Asiana Airlines,direct, 25/5,2023-05-25,2023-05-17,-8,685.0,771.0,11.154345006485086,Thursday
LON-to-ICN,Asiana Airlines,direct, 25/5,2023-05-25,2023-05-18,-7,685.0,771.0,11.154345006485086,Thursday
LON-to-ICN,Asiana Airlines,direct, 25/5,2023-05-25,2023-05-19,-6,694.0,771.0,9.987029831387808,Thursday
LON-to-ICN,Asiana Airlines,direct, 25/5,2023-05-25,2023-05-20,-5,685.0,771.0,11.154345006485086,Thursday
LON-to-ICN,Asiana Airlines,direct, 25/5,2023-05-25,2023-05-21,-4,685.0,771.0,11.154345006485086,Thursday
LON-to-ICN,Asiana Airlines,direct, 25/5,2023-05-25,2023-05-22,-3,738.0,771.0,4.280155642023347,Thursday
LON-to-ICN,Korean Air,direct, 25/5,2023-05-25,2023-05-22,-3,777.0,801.0,2.9962546816479403,Thursday
LON-to-ICN,Virgin Atlantic,direct, 25/5,2023-05-25,2023-05-22,-3,847.0,854.0,0.819672131147541,Thursday
LON-to-ICN,Asiana Airlines,direct, 25/5,2023-05-25,2023-05-23,-2,740.0,771.0,4.020752269779507,Thursday
LON-to-ICN,Korean Air,direct, 25/5,2023-05-25,2023-05-23,-2,795.0,801.0,0.7490636704119851,Thursday
LON-to-ICN,Virgin Atlantic,direct, 25/5,2023-05-25,2023-05-23,-2,846.0,854.0,0.936768149882904,Thursday
LON-to-ICN,Asiana Airlines,direct, 25/5,2023-05-25,2023-05-24,-1,685.0,771.0,11.154345006485086,Thursday
LON-to-ICN,Korean Air,direct, 25/5,2023-05-25,2023-05-24,-1,795.0,801.0,0.7490636704119851,Thursday
LON-to-ICN,Virgin Atlantic,direct, 25/5,2023-05-25,2023-05-24,-1,852.0,854.0,0.234192037470726,Thursday
LON-to-ICN,Asiana Airlines,direct, 26/5,2023-05-26,2023-03-25,-62,767.0,872.0,12.041284403669726,Friday
LON-to-ICN,Korean Air,direct, 26/5,2023-05-26,2023-03-25,-62,687.0,1357.0,49.37361827560796,Friday
LON-to-ICN,Asiana Airlines,direct, 26/5,2023-05-26,2023-03-26,-61,822.0,872.0,5.73394495412844,Friday
LON-to-ICN,Korean Air,direct, 26/5,2023-05-26,2023-03-26,-61,687.0,1357.0,49.37361827560796,Friday
LON-to-ICN,Asiana Airlines,direct, 26/5,2023-05-26,2023-03-27,-60,822.0,872.0,5.73394495412844,Friday
LON-to-ICN,Korean Air,direct, 26/5,2023-05-26,2023-03-27,-60,685.0,1357.0,49.52100221075903,Friday
LON-to-ICN,Asiana Airlines,direct, 26/5,2023-05-26,2023-03-28,-59,822.0,872.0,5.73394495412844,Friday
LON-to-ICN,Korean Air,direct, 26/5,2023-05-26,2023-03-28,-59,686.0,1357.0,49.447310243183495,Friday
LON-to-ICN,Asiana Airlines,direct, 26/5,2023-05-26,2023-03-29,-58,767.0,872.0,12.041284403669726,Friday
LON-to-ICN,Korean Air,direct, 26/5,2023-05-26,2023-03-29,-58,687.0,1357.0,49.37361827560796,Friday
LON-to-ICN,Asiana Airlines,direct, 26/5,2023-05-26,2023-03-30,-57,822.0,872.0,5.73394495412844,Friday
LON-to-ICN,Korean Air,direct, 26/5,2023-05-26,2023-03-30,-57,678.0,1357.0,50.03684598378777,Friday
LON-to-ICN,Asiana Airlines,direct, 26/5,2023-05-26,2023-03-31,-56,767.0,872.0,12.041284403669726,Friday
LON-to-ICN,Korean Air,direct, 26/5,2023-05-26,2023-03-31,-56,703.0,1357.0,48.194546794399415,Friday
LON-to-ICN,Asiana Airlines,direct, 26/5,2023-05-26,2023-04-01,-55,761.0,872.0,12.729357798165138,Friday
LON-to-ICN,Korean Air,direct, 26/5,2023-05-26,2023-04-01,-55,686.0,1357.0,49.447310243183495,Friday
LON-to-ICN,Asiana Airlines,direct, 26/5,2023-05-26,2023-04-02,-54,822.0,872.0,5.73394495412844,Friday
LON-to-ICN,Korean Air,direct, 26/5,2023-05-26,2023-04-02,-54,686.0,1357.0,49.447310243183495,Friday
LON-to-ICN,Asiana Airlines,direct, 26/5,2023-05-26,2023-04-03,-53,822.0,872.0,5.73394495412844,Friday
LON-to-ICN,Korean Air,direct, 26/5,2023-05-26,2023-04-03,-53,773.0,1357.0,43.03610906411201,Friday
LON-to-ICN,Asiana Airlines,direct, 26/5,2023-05-26,2023-04-04,-52,822.0,872.0,5.73394495412844,Friday
LON-to-ICN,Korean Air,direct, 26/5,2023-05-26,2023-04-04,-52,686.0,1357.0,49.447310243183495,Friday
LON-to-ICN,Asiana Airlines,direct, 26/5,2023-05-26,2023-04-05,-51,821.0,872.0,5.848623853211009,Friday
LON-to-ICN,Korean Air,direct, 26/5,2023-05-26,2023-04-05,-51,708.0,1357.0,47.82608695652174,Friday
LON-to-ICN,Asiana Airlines,direct, 26/5,2023-05-26,2023-04-07,-49,821.0,872.0,5.848623853211009,Friday
LON-to-ICN,Korean Air,direct, 26/5,2023-05-26,2023-04-07,-49,683.0,1357.0,49.6683861459101,Friday
LON-to-ICN,Asiana Airlines,direct, 26/5,2023-05-26,2023-04-08,-48,821.0,872.0,5.848623853211009,Friday
LON-to-ICN,Korean Air,direct, 26/5,2023-05-26,2023-04-08,-48,685.0,1357.0,49.52100221075903,Friday
LON-to-ICN,Asiana Airlines,direct, 26/5,2023-05-26,2023-04-09,-47,821.0,872.0,5.848623853211009,Friday
LON-to-ICN,Korean Air,direct, 26/5,2023-05-26,2023-04-09,-47,686.0,1357.0,49.447310243183495,Friday
LON-to-ICN,Asiana Airlines,direct, 26/5,2023-05-26,2023-04-10,-46,821.0,872.0,5.848623853211009,Friday
LON-to-ICN,Korean Air,direct, 26/5,2023-05-26,2023-04-10,-46,795.0,1357.0,41.41488577745026,Friday
LON-to-ICN,Asiana Airlines,direct, 26/5,2023-05-26,2023-04-13,-43,821.0,872.0,5.848623853211009,Friday
LON-to-ICN,Korean Air,direct, 26/5,2023-05-26,2023-04-13,-43,773.0,1357.0,43.03610906411201,Friday
LON-to-ICN,Asiana Airlines,direct, 26/5,2023-05-26,2023-04-14,-42,767.0,872.0,12.041284403669726,Friday
LON-to-ICN,Korean Air,direct, 26/5,2023-05-26,2023-04-14,-42,833.0,1357.0,38.61459100957996,Friday
LON-to-ICN,Asiana Airlines,direct, 26/5,2023-05-26,2023-04-15,-41,821.0,872.0,5.848623853211009,Friday
LON-to-ICN,Korean Air,direct, 26/5,2023-05-26,2023-04-15,-41,832.0,1357.0,38.688282977155495,Friday
LON-to-ICN,Asiana Airlines,direct, 26/5,2023-05-26,2023-04-16,-40,821.0,872.0,5.848623853211009,Friday
LON-to-ICN,Korean Air,direct, 26/5,2023-05-26,2023-04-16,-40,832.0,1357.0,38.688282977155495,Friday
LON-to-ICN,Asiana Airlines,direct, 26/5,2023-05-26,2023-04-17,-39,763.0,872.0,12.5,Friday
LON-to-ICN,Korean Air,direct, 26/5,2023-05-26,2023-04-17,-39,832.0,1357.0,38.688282977155495,Friday
LON-to-ICN,Asiana Airlines,direct, 26/5,2023-05-26,2023-04-18,-38,761.0,872.0,12.729357798165138,Friday
LON-to-ICN,Korean Air,direct, 26/5,2023-05-26,2023-04-18,-38,923.0,1357.0,31.982313927781874,Friday
LON-to-ICN,Asiana Airlines,direct, 26/5,2023-05-26,2023-04-19,-37,761.0,872.0,12.729357798165138,Friday
LON-to-ICN,Korean Air,direct, 26/5,2023-05-26,2023-04-19,-37,1096.0,1357.0,19.233603537214446,Friday
LON-to-ICN,Asiana Airlines,direct, 26/5,2023-05-26,2023-04-20,-36,765.0,872.0,12.270642201834862,Friday
LON-to-ICN,Asiana Airlines,direct, 26/5,2023-05-26,2023-04-21,-35,821.0,872.0,5.848623853211009,Friday
LON-to-ICN,Asiana Airlines,direct, 26/5,2023-05-26,2023-04-23,-33,821.0,872.0,5.848623853211009,Friday
LON-to-ICN,Asiana Airlines,direct, 26/5,2023-05-26,2023-04-24,-32,821.0,872.0,5.848623853211009,Friday
LON-to-ICN,Asiana Airlines,direct, 26/5,2023-05-26,2023-04-25,-31,821.0,872.0,5.848623853211009,Friday
LON-to-ICN,Asiana Airlines,direct, 26/5,2023-05-26,2023-04-26,-30,821.0,872.0,5.848623853211009,Friday
LON-to-ICN,Asiana Airlines,direct, 26/5,2023-05-26,2023-04-27,-29,821.0,872.0,5.848623853211009,Friday
LON-to-ICN,Asiana Airlines,direct, 26/5,2023-05-26,2023-04-28,-28,865.0,872.0,0.8027522935779817,Friday
LON-to-ICN,Asiana Airlines,direct, 26/5,2023-05-26,2023-04-29,-27,867.0,872.0,0.573394495412844,Friday
LON-to-ICN,Asiana Airlines,direct, 26/5,2023-05-26,2023-04-30,-26,867.0,872.0,0.573394495412844,Friday
LON-to-ICN,Asiana Airlines,direct, 26/5,2023-05-26,2023-05-01,-25,867.0,872.0,0.573394495412844,Friday
LON-to-ICN,Asiana Airlines,direct, 26/5,2023-05-26,2023-05-04,-22,1023.0,872.0,-17.316513761467892,Friday
LON-to-ICN,Asiana Airlines,direct, 26/5,2023-05-26,2023-05-05,-21,1023.0,872.0,-17.316513761467892,Friday
LON-to-ICN,Asiana Airlines,direct, 26/5,2023-05-26,2023-05-06,-20,1023.0,872.0,-17.316513761467892,Friday
LON-to-ICN,Asiana Airlines,direct, 26/5,2023-05-26,2023-05-07,-19,1023.0,872.0,-17.316513761467892,Friday
LON-to-ICN,Asiana Airlines,direct, 26/5,2023-05-26,2023-05-08,-18,1023.0,872.0,-17.316513761467892,Friday
LON-to-ICN,Asiana Airlines,direct, 26/5,2023-05-26,2023-05-10,-16,1023.0,872.0,-17.316513761467892,Friday
LON-to-ICN,Asiana Airlines,direct, 26/5,2023-05-26,2023-05-11,-15,822.0,872.0,5.73394495412844,Friday
LON-to-ICN,Asiana Airlines,direct, 26/5,2023-05-26,2023-05-12,-14,886.0,872.0,-1.6055045871559634,Friday
LON-to-ICN,Asiana Airlines,direct, 26/5,2023-05-26,2023-05-13,-13,1023.0,872.0,-17.316513761467892,Friday
LON-to-ICN,Asiana Airlines,direct, 26/5,2023-05-26,2023-05-14,-12,1023.0,872.0,-17.316513761467892,Friday
LON-to-ICN,Asiana Airlines,direct, 26/5,2023-05-26,2023-05-15,-11,821.0,872.0,5.848623853211009,Friday
LON-to-ICN,Asiana Airlines,direct, 26/5,2023-05-26,2023-05-15,-11,859.0,872.0,1.4908256880733946,Friday
LON-to-ICN,Asiana Airlines,direct, 26/5,2023-05-26,2023-05-16,-10,828.0,872.0,5.045871559633028,Friday
LON-to-ICN,Asiana Airlines,direct, 26/5,2023-05-26,2023-05-17,-9,766.0,872.0,12.155963302752294,Friday
LON-to-ICN,Asiana Airlines,direct, 26/5,2023-05-26,2023-05-18,-8,766.0,872.0,12.155963302752294,Friday
LON-to-ICN,Asiana Airlines,direct, 26/5,2023-05-26,2023-05-19,-7,766.0,872.0,12.155963302752294,Friday
LON-to-ICN,Asiana Airlines,direct, 26/5,2023-05-26,2023-05-20,-6,766.0,872.0,12.155963302752294,Friday
LON-to-ICN,Asiana Airlines,direct, 26/5,2023-05-26,2023-05-21,-5,821.0,872.0,5.848623853211009,Friday
LON-to-ICN,Asiana Airlines,direct, 26/5,2023-05-26,2023-05-22,-4,821.0,872.0,5.848623853211009,Friday
LON-to-ICN,Asiana Airlines,direct, 26/5,2023-05-26,2023-05-23,-3,821.0,872.0,5.848623853211009,Friday
LON-to-ICN,Asiana Airlines,direct, 26/5,2023-05-26,2023-05-23,-3,859.0,872.0,1.4908256880733946,Friday
LON-to-ICN,Korean Air,direct, 26/5,2023-05-26,2023-05-23,-3,1352.0,1357.0,0.36845983787767134,Friday
LON-to-ICN,Asiana Airlines,direct, 26/5,2023-05-26,2023-05-24,-2,867.0,872.0,0.573394495412844,Friday
LON-to-ICN,Asiana Airlines,direct, 26/5,2023-05-26,2023-05-25,-1,867.0,872.0,0.573394495412844,Friday
LON-to-ICN,Asiana Airlines,direct, 26/5,2023-05-26,2023-05-25,-1,948.0,872.0,-8.715596330275229,Friday
LON-to-ICN,Asiana Airlines,direct, 27/5,2023-05-27,2023-03-25,-63,686.0,872.0,21.3302752293578,Saturday
LON-to-ICN,Korean Air,direct, 27/5,2023-05-27,2023-03-25,-63,687.0,1123.0,38.824577025823686,Saturday
LON-to-ICN,Asiana Airlines,direct, 27/5,2023-05-27,2023-03-26,-62,734.0,872.0,15.825688073394497,Saturday
LON-to-ICN,Korean Air,direct, 27/5,2023-05-27,2023-03-26,-62,687.0,1123.0,38.824577025823686,Saturday
LON-to-ICN,Asiana Airlines,direct, 27/5,2023-05-27,2023-03-27,-61,759.0,872.0,12.958715596330276,Saturday
LON-to-ICN,Korean Air,direct, 27/5,2023-05-27,2023-03-27,-61,685.0,1123.0,39.0026714158504,Saturday
LON-to-ICN,Virgin Atlantic,direct, 27/5,2023-05-27,2023-03-27,-61,734.0,1213.0,39.48887056883759,Saturday
LON-to-ICN,Asiana Airlines,direct, 27/5,2023-05-27,2023-03-28,-60,755.0,872.0,13.417431192660551,Saturday
LON-to-ICN,Korean Air,direct, 27/5,2023-05-27,2023-03-28,-60,686.0,1123.0,38.91362422083704,Saturday
LON-to-ICN,Virgin Atlantic,direct, 27/5,2023-05-27,2023-03-28,-60,735.0,1213.0,39.406430338004945,Saturday
LON-to-ICN,Asiana Airlines,direct, 27/5,2023-05-27,2023-03-29,-59,686.0,872.0,21.3302752293578,Saturday
LON-to-ICN,Korean Air,direct, 27/5,2023-05-27,2023-03-29,-59,687.0,1123.0,38.824577025823686,Saturday
LON-to-ICN,Virgin Atlantic,direct, 27/5,2023-05-27,2023-03-29,-59,736.0,1213.0,39.3239901071723,Saturday
LON-to-ICN,Asiana Airlines,direct, 27/5,2023-05-27,2023-03-30,-58,686.0,872.0,21.3302752293578,Saturday
LON-to-ICN,Korean Air,direct, 27/5,2023-05-27,2023-03-30,-58,678.0,1123.0,39.626001780943895,Saturday
LON-to-ICN,Virgin Atlantic,direct, 27/5,2023-05-27,2023-03-30,-58,727.0,1213.0,40.065952184666116,Saturday
LON-to-ICN,Asiana Airlines,direct, 27/5,2023-05-27,2023-03-31,-57,726.0,872.0,16.743119266055047,Saturday
LON-to-ICN,Korean Air,direct, 27/5,2023-05-27,2023-03-31,-57,686.0,1123.0,38.91362422083704,Saturday
LON-to-ICN,Virgin Atlantic,direct, 27/5,2023-05-27,2023-03-31,-57,735.0,1213.0,39.406430338004945,Saturday
LON-to-ICN,Asiana Airlines,direct, 27/5,2023-05-27,2023-04-01,-56,624.0,872.0,28.440366972477065,Saturday
LON-to-ICN,Korean Air,direct, 27/5,2023-05-27,2023-04-01,-56,686.0,1123.0,38.91362422083704,Saturday
LON-to-ICN,Virgin Atlantic,direct, 27/5,2023-05-27,2023-04-01,-56,735.0,1213.0,39.406430338004945,Saturday
LON-to-ICN,Asiana Airlines,direct, 27/5,2023-05-27,2023-04-02,-55,739.0,872.0,15.252293577981652,Saturday
LON-to-ICN,Korean Air,direct, 27/5,2023-05-27,2023-04-02,-55,686.0,1123.0,38.91362422083704,Saturday
LON-to-ICN,Virgin Atlantic,direct, 27/5,2023-05-27,2023-04-02,-55,832.0,1213.0,31.409727947238252,Saturday
LON-to-ICN,Asiana Airlines,direct, 27/5,2023-05-27,2023-04-03,-54,739.0,872.0,15.252293577981652,Saturday
LON-to-ICN,Korean Air,direct, 27/5,2023-05-27,2023-04-03,-54,686.0,1123.0,38.91362422083704,Saturday
LON-to-ICN,Virgin Atlantic,direct, 27/5,2023-05-27,2023-04-03,-54,832.0,1213.0,31.409727947238252,Saturday
LON-to-ICN,Asiana Airlines,direct, 27/5,2023-05-27,2023-04-04,-53,744.0,872.0,14.678899082568808,Saturday
LON-to-ICN,Korean Air,direct, 27/5,2023-05-27,2023-04-04,-53,708.0,1123.0,36.95458593054319,Saturday
LON-to-ICN,Virgin Atlantic,direct, 27/5,2023-05-27,2023-04-04,-53,849.0,1213.0,30.008244023083265,Saturday
LON-to-ICN,Asiana Airlines,direct, 27/5,2023-05-27,2023-04-05,-52,736.0,872.0,15.59633027522936,Saturday
LON-to-ICN,Korean Air,direct, 27/5,2023-05-27,2023-04-05,-52,683.0,1123.0,39.180765805877115,Saturday
LON-to-ICN,Virgin Atlantic,direct, 27/5,2023-05-27,2023-04-05,-52,829.0,1213.0,31.65704863973619,Saturday
LON-to-ICN,Asiana Airlines,direct, 27/5,2023-05-27,2023-04-06,-51,739.0,872.0,15.252293577981652,Saturday
LON-to-ICN,Korean Air,direct, 27/5,2023-05-27,2023-04-06,-51,686.0,1123.0,38.91362422083704,Saturday
LON-to-ICN,Virgin Atlantic,direct, 27/5,2023-05-27,2023-04-06,-51,852.0,1213.0,29.760923330585324,Saturday
LON-to-ICN,Asiana Airlines,direct, 27/5,2023-05-27,2023-04-08,-49,617.0,872.0,29.243119266055047,Saturday
LON-to-ICN,Korean Air,direct, 27/5,2023-05-27,2023-04-08,-49,772.0,1123.0,31.255565449688334,Saturday
LON-to-ICN,Virgin Atlantic,direct, 27/5,2023-05-27,2023-04-08,-49,896.0,1213.0,26.133553173948886,Saturday
LON-to-ICN,Asiana Airlines,direct, 27/5,2023-05-27,2023-04-09,-48,739.0,872.0,15.252293577981652,Saturday
LON-to-ICN,Korean Air,direct, 27/5,2023-05-27,2023-04-09,-48,773.0,1123.0,31.166518254674976,Saturday
LON-to-ICN,Virgin Atlantic,direct, 27/5,2023-05-27,2023-04-09,-48,897.0,1213.0,26.05111294311624,Saturday
LON-to-ICN,Asiana Airlines,direct, 27/5,2023-05-27,2023-04-13,-44,619.0,872.0,29.01376146788991,Saturday
LON-to-ICN,Korean Air,direct, 27/5,2023-05-27,2023-04-13,-44,773.0,1123.0,31.166518254674976,Saturday
LON-to-ICN,Virgin Atlantic,direct, 27/5,2023-05-27,2023-04-13,-44,896.0,1213.0,26.133553173948886,Saturday
LON-to-ICN,Asiana Airlines,direct, 27/5,2023-05-27,2023-04-14,-43,739.0,872.0,15.252293577981652,Saturday
LON-to-ICN,Korean Air,direct, 27/5,2023-05-27,2023-04-14,-43,774.0,1123.0,31.07747105966162,Saturday
LON-to-ICN,Virgin Atlantic,direct, 27/5,2023-05-27,2023-04-14,-43,898.0,1213.0,25.968672712283595,Saturday
LON-to-ICN,Asiana Airlines,direct, 27/5,2023-05-27,2023-04-15,-42,739.0,872.0,15.252293577981652,Saturday
LON-to-ICN,Korean Air,direct, 27/5,2023-05-27,2023-04-15,-42,773.0,1123.0,31.166518254674976,Saturday
LON-to-ICN,Virgin Atlantic,direct, 27/5,2023-05-27,2023-04-15,-42,897.0,1213.0,26.05111294311624,Saturday
LON-to-ICN,Asiana Airlines,direct, 27/5,2023-05-27,2023-04-16,-41,739.0,872.0,15.252293577981652,Saturday
LON-to-ICN,Korean Air,direct, 27/5,2023-05-27,2023-04-16,-41,773.0,1123.0,31.166518254674976,Saturday
LON-to-ICN,Virgin Atlantic,direct, 27/5,2023-05-27,2023-04-16,-41,897.0,1213.0,26.05111294311624,Saturday
LON-to-ICN,Asiana Airlines,direct, 27/5,2023-05-27,2023-04-17,-40,739.0,872.0,15.252293577981652,Saturday
LON-to-ICN,Korean Air,direct, 27/5,2023-05-27,2023-04-17,-40,773.0,1123.0,31.166518254674976,Saturday
LON-to-ICN,Virgin Atlantic,direct, 27/5,2023-05-27,2023-04-17,-40,897.0,1213.0,26.05111294311624,Saturday
LON-to-ICN,Asiana Airlines,direct, 27/5,2023-05-27,2023-04-18,-39,621.0,872.0,28.78440366972477,Saturday
LON-to-ICN,Korean Air,direct, 27/5,2023-05-27,2023-04-18,-39,776.0,1123.0,30.899376669634904,Saturday
LON-to-ICN,Virgin Atlantic,direct, 27/5,2023-05-27,2023-04-18,-39,900.0,1213.0,25.8037922506183,Saturday
LON-to-ICN,Asiana Airlines,direct, 27/5,2023-05-27,2023-04-19,-38,739.0,872.0,15.252293577981652,Saturday
LON-to-ICN,Korean Air,direct, 27/5,2023-05-27,2023-04-19,-38,773.0,1123.0,31.166518254674976,Saturday
LON-to-ICN,Virgin Atlantic,direct, 27/5,2023-05-27,2023-04-19,-38,897.0,1213.0,26.05111294311624,Saturday
LON-to-ICN,Asiana Airlines,direct, 27/5,2023-05-27,2023-04-20,-37,739.0,872.0,15.252293577981652,Saturday
LON-to-ICN,Korean Air,direct, 27/5,2023-05-27,2023-04-20,-37,795.0,1123.0,29.207479964381122,Saturday
LON-to-ICN,Virgin Atlantic,direct, 27/5,2023-05-27,2023-04-20,-37,911.0,1213.0,24.896949711459193,Saturday
LON-to-ICN,Asiana Airlines,direct, 27/5,2023-05-27,2023-04-21,-36,761.0,872.0,12.729357798165138,Saturday
LON-to-ICN,Korean Air,direct, 27/5,2023-05-27,2023-04-21,-36,769.0,1123.0,31.522707034728406,Saturday
LON-to-ICN,Virgin Atlantic,direct, 27/5,2023-05-27,2023-04-21,-36,893.0,1213.0,26.380873866446827,Saturday
LON-to-ICN,Asiana Airlines,direct, 27/5,2023-05-27,2023-04-23,-34,769.0,872.0,11.811926605504588,Saturday
LON-to-ICN,Korean Air,direct, 27/5,2023-05-27,2023-04-23,-34,772.0,1123.0,31.255565449688334,Saturday
LON-to-ICN,Virgin Atlantic,direct, 27/5,2023-05-27,2023-04-23,-34,896.0,1213.0,26.133553173948886,Saturday
LON-to-ICN,Asiana Airlines,direct, 27/5,2023-05-27,2023-04-24,-33,821.0,872.0,5.848623853211009,Saturday
LON-to-ICN,Korean Air,direct, 27/5,2023-05-27,2023-04-24,-33,773.0,1123.0,31.166518254674976,Saturday
LON-to-ICN,Virgin Atlantic,direct, 27/5,2023-05-27,2023-04-24,-33,897.0,1213.0,26.05111294311624,Saturday
LON-to-ICN,Asiana Airlines,direct, 27/5,2023-05-27,2023-04-25,-32,821.0,872.0,5.848623853211009,Saturday
LON-to-ICN,Korean Air,direct, 27/5,2023-05-27,2023-04-25,-32,854.0,1123.0,23.953695458593053,Saturday
LON-to-ICN,Asiana Airlines,direct, 27/5,2023-05-27,2023-04-26,-31,761.0,872.0,12.729357798165138,Saturday
LON-to-ICN,Korean Air,direct, 27/5,2023-05-27,2023-04-26,-31,854.0,1123.0,23.953695458593053,Saturday
LON-to-ICN,Asiana Airlines,direct, 27/5,2023-05-27,2023-04-27,-30,821.0,872.0,5.848623853211009,Saturday
LON-to-ICN,Korean Air,direct, 27/5,2023-05-27,2023-04-27,-30,854.0,1123.0,23.953695458593053,Saturday
LON-to-ICN,Asiana Airlines,direct, 27/5,2023-05-27,2023-04-28,-29,821.0,872.0,5.848623853211009,Saturday
LON-to-ICN,Korean Air,direct, 27/5,2023-05-27,2023-04-28,-29,832.0,1123.0,25.912733748886907,Saturday
LON-to-ICN,Asiana Airlines,direct, 27/5,2023-05-27,2023-04-29,-28,821.0,872.0,5.848623853211009,Saturday
LON-to-ICN,Korean Air,direct, 27/5,2023-05-27,2023-04-29,-28,841.0,1123.0,25.111308993766695,Saturday
LON-to-ICN,Virgin Atlantic,direct, 27/5,2023-05-27,2023-04-29,-28,902.0,1213.0,25.63891178895301,Saturday
LON-to-ICN,Asiana Airlines,direct, 27/5,2023-05-27,2023-04-30,-27,821.0,872.0,5.848623853211009,Saturday
LON-to-ICN,Korean Air,direct, 27/5,2023-05-27,2023-04-30,-27,835.0,1123.0,25.64559216384684,Saturday
LON-to-ICN,Asiana Airlines,direct, 27/5,2023-05-27,2023-05-01,-26,761.0,872.0,12.729357798165138,Saturday
LON-to-ICN,Korean Air,direct, 27/5,2023-05-27,2023-05-01,-26,835.0,1123.0,25.64559216384684,Saturday
LON-to-ICN,Virgin Atlantic,direct, 27/5,2023-05-27,2023-05-01,-26,900.0,1213.0,25.8037922506183,Saturday
LON-to-ICN,Asiana Airlines,direct, 27/5,2023-05-27,2023-05-02,-25,821.0,872.0,5.848623853211009,Saturday
LON-to-ICN,Korean Air,direct, 27/5,2023-05-27,2023-05-02,-25,826.0,1123.0,26.44701691896705,Saturday
LON-to-ICN,Virgin Atlantic,direct, 27/5,2023-05-27,2023-05-02,-25,891.0,1213.0,26.545754328112118,Saturday
LON-to-ICN,Asiana Airlines,direct, 27/5,2023-05-27,2023-05-03,-24,821.0,872.0,5.848623853211009,Saturday
LON-to-ICN,Korean Air,direct, 27/5,2023-05-27,2023-05-03,-24,854.0,1123.0,23.953695458593053,Saturday
LON-to-ICN,Virgin Atlantic,direct, 27/5,2023-05-27,2023-05-03,-24,913.0,1213.0,24.7320692497939,Saturday
LON-to-ICN,Asiana Airlines,direct, 27/5,2023-05-27,2023-05-04,-23,762.0,872.0,12.61467889908257,Saturday
LON-to-ICN,Korean Air,direct, 27/5,2023-05-27,2023-05-04,-23,854.0,1123.0,23.953695458593053,Saturday
LON-to-ICN,Virgin Atlantic,direct, 27/5,2023-05-27,2023-05-04,-23,1010.0,1213.0,16.735366859027206,Saturday
LON-to-ICN,Asiana Airlines,direct, 27/5,2023-05-27,2023-05-05,-22,762.0,872.0,12.61467889908257,Saturday
LON-to-ICN,Korean Air,direct, 27/5,2023-05-27,2023-05-05,-22,854.0,1123.0,23.953695458593053,Saturday
LON-to-ICN,Virgin Atlantic,direct, 27/5,2023-05-27,2023-05-05,-22,1010.0,1213.0,16.735366859027206,Saturday
LON-to-ICN,Asiana Airlines,direct, 27/5,2023-05-27,2023-05-06,-21,822.0,872.0,5.73394495412844,Saturday
LON-to-ICN,Korean Air,direct, 27/5,2023-05-27,2023-05-06,-21,854.0,1123.0,23.953695458593053,Saturday
LON-to-ICN,Virgin Atlantic,direct, 27/5,2023-05-27,2023-05-06,-21,1010.0,1213.0,16.735366859027206,Saturday
LON-to-ICN,Asiana Airlines,direct, 27/5,2023-05-27,2023-05-07,-20,822.0,872.0,5.73394495412844,Saturday
LON-to-ICN,Asiana Airlines,direct, 27/5,2023-05-27,2023-05-07,-20,859.0,872.0,1.4908256880733946,Saturday
LON-to-ICN,Korean Air,direct, 27/5,2023-05-27,2023-05-07,-20,836.0,1123.0,25.55654496883348,Saturday
LON-to-ICN,Virgin Atlantic,direct, 27/5,2023-05-27,2023-05-07,-20,901.0,1213.0,25.721352019785655,Saturday
LON-to-ICN,Asiana Airlines,direct, 27/5,2023-05-27,2023-05-08,-19,822.0,872.0,5.73394495412844,Saturday
LON-to-ICN,Korean Air,direct, 27/5,2023-05-27,2023-05-08,-19,854.0,1123.0,23.953695458593053,Saturday
LON-to-ICN,Virgin Atlantic,direct, 27/5,2023-05-27,2023-05-08,-19,912.0,1213.0,24.814509480626544,Saturday
LON-to-ICN,Asiana Airlines,direct, 27/5,2023-05-27,2023-05-09,-18,822.0,872.0,5.73394495412844,Saturday
LON-to-ICN,Korean Air,direct, 27/5,2023-05-27,2023-05-09,-18,833.0,1123.0,25.82368655387355,Saturday
LON-to-ICN,Virgin Atlantic,direct, 27/5,2023-05-27,2023-05-09,-18,1009.0,1213.0,16.81780708985985,Saturday
LON-to-ICN,Asiana Airlines,direct, 27/5,2023-05-27,2023-05-10,-17,868.0,872.0,0.45871559633027525,Saturday
LON-to-ICN,Korean Air,direct, 27/5,2023-05-27,2023-05-10,-17,854.0,1123.0,23.953695458593053,Saturday
LON-to-ICN,Virgin Atlantic,direct, 27/5,2023-05-27,2023-05-10,-17,926.0,1213.0,23.660346248969496,Saturday
LON-to-ICN,Asiana Airlines,direct, 27/5,2023-05-27,2023-05-11,-16,822.0,872.0,5.73394495412844,Saturday
LON-to-ICN,Korean Air,direct, 27/5,2023-05-27,2023-05-11,-16,835.0,1123.0,25.64559216384684,Saturday
LON-to-ICN,Virgin Atlantic,direct, 27/5,2023-05-27,2023-05-11,-16,1005.0,1213.0,17.147568013190437,Saturday
LON-to-ICN,Asiana Airlines,direct, 27/5,2023-05-27,2023-05-12,-15,822.0,872.0,5.73394495412844,Saturday
LON-to-ICN,Korean Air,direct, 27/5,2023-05-27,2023-05-12,-15,836.0,1123.0,25.55654496883348,Saturday
LON-to-ICN,Asiana Airlines,direct, 27/5,2023-05-27,2023-05-13,-14,821.0,872.0,5.848623853211009,Saturday
LON-to-ICN,Asiana Airlines,direct, 27/5,2023-05-27,2023-05-13,-14,891.0,872.0,-2.1788990825688073,Saturday
LON-to-ICN,Korean Air,direct, 27/5,2023-05-27,2023-05-13,-14,836.0,1123.0,25.55654496883348,Saturday
LON-to-ICN,Asiana Airlines,direct, 27/5,2023-05-27,2023-05-14,-13,821.0,872.0,5.848623853211009,Saturday
LON-to-ICN,Korean Air,direct, 27/5,2023-05-27,2023-05-14,-13,833.0,1123.0,25.82368655387355,Saturday
LON-to-ICN,Virgin Atlantic,direct, 27/5,2023-05-27,2023-05-14,-13,996.0,1213.0,17.889530090684254,Saturday
LON-to-ICN,Asiana Airlines,direct, 27/5,2023-05-27,2023-05-15,-12,821.0,872.0,5.848623853211009,Saturday
LON-to-ICN,Asiana Airlines,direct, 27/5,2023-05-27,2023-05-15,-12,859.0,872.0,1.4908256880733946,Saturday
LON-to-ICN,Korean Air,direct, 27/5,2023-05-27,2023-05-15,-12,836.0,1123.0,25.55654496883348,Saturday
LON-to-ICN,Virgin Atlantic,direct, 27/5,2023-05-27,2023-05-15,-12,1009.0,1213.0,16.81780708985985,Saturday
LON-to-ICN,Asiana Airlines,direct, 27/5,2023-05-27,2023-05-16,-11,828.0,872.0,5.045871559633028,Saturday
LON-to-ICN,Korean Air,direct, 27/5,2023-05-27,2023-05-16,-11,836.0,1123.0,25.55654496883348,Saturday
LON-to-ICN,Virgin Atlantic,direct, 27/5,2023-05-27,2023-05-16,-11,1009.0,1213.0,16.81780708985985,Saturday
LON-to-ICN,Asiana Airlines,direct, 27/5,2023-05-27,2023-05-17,-10,822.0,872.0,5.73394495412844,Saturday
LON-to-ICN,Asiana Airlines,direct, 27/5,2023-05-27,2023-05-18,-9,766.0,872.0,12.155963302752294,Saturday
LON-to-ICN,Asiana Airlines,direct, 27/5,2023-05-27,2023-05-19,-8,821.0,872.0,5.848623853211009,Saturday
LON-to-ICN,Asiana Airlines,direct, 27/5,2023-05-27,2023-05-20,-7,766.0,872.0,12.155963302752294,Saturday
LON-to-ICN,Asiana Airlines,direct, 27/5,2023-05-27,2023-05-21,-6,821.0,872.0,5.848623853211009,Saturday
LON-to-ICN,Korean Air,direct, 27/5,2023-05-27,2023-05-21,-6,1333.0,1123.0,-18.699910952804984,Saturday
LON-to-ICN,Virgin Atlantic,direct, 27/5,2023-05-27,2023-05-21,-6,1452.0,1213.0,-19.703215169002473,Saturday
LON-to-ICN,Asiana Airlines,direct, 27/5,2023-05-27,2023-05-22,-5,867.0,872.0,0.573394495412844,Saturday
LON-to-ICN,Korean Air,direct, 27/5,2023-05-27,2023-05-22,-5,1118.0,1123.0,0.44523597506678536,Saturday
LON-to-ICN,Virgin Atlantic,direct, 27/5,2023-05-27,2023-05-22,-5,1202.0,1213.0,0.9068425391591096,Saturday
LON-to-ICN,Asiana Airlines,direct, 27/5,2023-05-27,2023-05-23,-4,867.0,872.0,0.573394495412844,Saturday
LON-to-ICN,Korean Air,direct, 27/5,2023-05-27,2023-05-23,-4,1118.0,1123.0,0.44523597506678536,Saturday
LON-to-ICN,Virgin Atlantic,direct, 27/5,2023-05-27,2023-05-23,-4,1197.0,1213.0,1.3190436933223413,Saturday
LON-to-ICN,Asiana Airlines,direct, 27/5,2023-05-27,2023-05-24,-3,1023.0,872.0,-17.316513761467892,Saturday
LON-to-ICN,Korean Air,direct, 27/5,2023-05-27,2023-05-24,-3,1118.0,1123.0,0.44523597506678536,Saturday
LON-to-ICN,Virgin Atlantic,direct, 27/5,2023-05-27,2023-05-24,-3,1197.0,1213.0,1.3190436933223413,Saturday
LON-to-ICN,Asiana Airlines,direct, 27/5,2023-05-27,2023-05-25,-2,868.0,872.0,0.45871559633027525,Saturday
LON-to-ICN,Asiana Airlines,direct, 27/5,2023-05-27,2023-05-25,-2,948.0,872.0,-8.715596330275229,Saturday
LON-to-ICN,Korean Air,direct, 27/5,2023-05-27,2023-05-25,-2,1099.0,1123.0,2.13713268032057,Saturday
LON-to-ICN,Asiana Airlines,direct, 27/5,2023-05-27,2023-05-26,-1,867.0,872.0,0.573394495412844,Saturday
LON-to-ICN,Korean Air,direct, 27/5,2023-05-27,2023-05-26,-1,1099.0,1123.0,2.13713268032057,Saturday
LON-to-ICN,Asiana Airlines,direct, 28/5,2023-05-28,2023-03-25,-64,686.0,826.0,16.949152542372882,Sunday
LON-to-ICN,Asiana Airlines,direct, 28/5,2023-05-28,2023-03-26,-63,686.0,826.0,16.949152542372882,Sunday
LON-to-ICN,Asiana Airlines,direct, 28/5,2023-05-28,2023-03-27,-62,686.0,826.0,16.949152542372882,Sunday
LON-to-ICN,Asiana Airlines,direct, 28/5,2023-05-28,2023-03-28,-61,686.0,826.0,16.949152542372882,Sunday
LON-to-ICN,Asiana Airlines,direct, 28/5,2023-05-28,2023-03-29,-60,686.0,826.0,16.949152542372882,Sunday
LON-to-ICN,Asiana Airlines,direct, 28/5,2023-05-28,2023-03-30,-59,686.0,826.0,16.949152542372882,Sunday
LON-to-ICN,Asiana Airlines,direct, 28/5,2023-05-28,2023-03-31,-58,686.0,826.0,16.949152542372882,Sunday
LON-to-ICN,Asiana Airlines,direct, 28/5,2023-05-28,2023-04-01,-57,608.0,826.0,26.39225181598063,Sunday
LON-to-ICN,Asiana Airlines,direct, 28/5,2023-05-28,2023-04-02,-56,599.0,826.0,27.4818401937046,Sunday
LON-to-ICN,Asiana Airlines,direct, 28/5,2023-05-28,2023-04-03,-55,599.0,826.0,27.4818401937046,Sunday
LON-to-ICN,Asiana Airlines,direct, 28/5,2023-05-28,2023-04-04,-54,599.0,826.0,27.4818401937046,Sunday
LON-to-ICN,Asiana Airlines,direct, 28/5,2023-05-28,2023-04-05,-53,606.0,826.0,26.634382566585955,Sunday
LON-to-ICN,Asiana Airlines,direct, 28/5,2023-05-28,2023-04-07,-51,596.0,826.0,27.84503631961259,Sunday
LON-to-ICN,Asiana Airlines,direct, 28/5,2023-05-28,2023-04-08,-50,598.0,826.0,27.602905569007262,Sunday
LON-to-ICN,Asiana Airlines,direct, 28/5,2023-05-28,2023-04-08,-50,621.0,826.0,24.818401937046005,Sunday
LON-to-ICN,Asiana Airlines,direct, 28/5,2023-05-28,2023-04-09,-49,599.0,826.0,27.4818401937046,Sunday
LON-to-ICN,Asiana Airlines,direct, 28/5,2023-05-28,2023-04-09,-49,622.0,826.0,24.69733656174334,Sunday
LON-to-ICN,Asiana Airlines,direct, 28/5,2023-05-28,2023-04-13,-45,608.0,826.0,26.39225181598063,Sunday
LON-to-ICN,Asiana Airlines,direct, 28/5,2023-05-28,2023-04-13,-45,626.0,826.0,24.213075060532688,Sunday
LON-to-ICN,Asiana Airlines,direct, 28/5,2023-05-28,2023-04-14,-44,600.0,826.0,27.360774818401936,Sunday
LON-to-ICN,Asiana Airlines,direct, 28/5,2023-05-28,2023-04-15,-43,599.0,826.0,27.4818401937046,Sunday
LON-to-ICN,Asiana Airlines,direct, 28/5,2023-05-28,2023-04-15,-43,626.0,826.0,24.213075060532688,Sunday
LON-to-ICN,Asiana Airlines,direct, 28/5,2023-05-28,2023-04-16,-42,599.0,826.0,27.4818401937046,Sunday
LON-to-ICN,Asiana Airlines,direct, 28/5,2023-05-28,2023-04-16,-42,626.0,826.0,24.213075060532688,Sunday
LON-to-ICN,Asiana Airlines,direct, 28/5,2023-05-28,2023-04-17,-41,599.0,826.0,27.4818401937046,Sunday
LON-to-ICN,Asiana Airlines,direct, 28/5,2023-05-28,2023-04-17,-41,626.0,826.0,24.213075060532688,Sunday
LON-to-ICN,Asiana Airlines,direct, 28/5,2023-05-28,2023-04-18,-40,602.0,826.0,27.11864406779661,Sunday
LON-to-ICN,Asiana Airlines,direct, 28/5,2023-05-28,2023-04-18,-40,626.0,826.0,24.213075060532688,Sunday
LON-to-ICN,Asiana Airlines,direct, 28/5,2023-05-28,2023-04-19,-39,618.0,826.0,25.181598062953995,Sunday
LON-to-ICN,Asiana Airlines,direct, 28/5,2023-05-28,2023-04-20,-38,599.0,826.0,27.4818401937046,Sunday
LON-to-ICN,Asiana Airlines,direct, 28/5,2023-05-28,2023-04-21,-37,716.0,826.0,13.317191283292978,Sunday
LON-to-ICN,Asiana Airlines,direct, 28/5,2023-05-28,2023-04-23,-35,738.0,826.0,10.653753026634382,Sunday
LON-to-ICN,Asiana Airlines,direct, 28/5,2023-05-28,2023-04-24,-34,739.0,826.0,10.532687651331718,Sunday
LON-to-ICN,Asiana Airlines,direct, 28/5,2023-05-28,2023-04-25,-33,739.0,826.0,10.532687651331718,Sunday
LON-to-ICN,Asiana Airlines,direct, 28/5,2023-05-28,2023-04-26,-32,739.0,826.0,10.532687651331718,Sunday
LON-to-ICN,Asiana Airlines,direct, 28/5,2023-05-28,2023-04-27,-31,739.0,826.0,10.532687651331718,Sunday
LON-to-ICN,Asiana Airlines,direct, 28/5,2023-05-28,2023-04-28,-30,739.0,826.0,10.532687651331718,Sunday
LON-to-ICN,Asiana Airlines,direct, 28/5,2023-05-28,2023-04-29,-29,761.0,826.0,7.8692493946731235,Sunday
LON-to-ICN,Asiana Airlines,direct, 28/5,2023-05-28,2023-04-30,-28,739.0,826.0,10.532687651331718,Sunday
LON-to-ICN,Asiana Airlines,direct, 28/5,2023-05-28,2023-05-01,-27,739.0,826.0,10.532687651331718,Sunday
LON-to-ICN,Asiana Airlines,direct, 28/5,2023-05-28,2023-05-02,-26,733.0,826.0,11.2590799031477,Sunday
LON-to-ICN,Asiana Airlines,direct, 28/5,2023-05-28,2023-05-03,-25,739.0,826.0,10.532687651331718,Sunday
LON-to-ICN,Asiana Airlines,direct, 28/5,2023-05-28,2023-05-04,-24,739.0,826.0,10.532687651331718,Sunday
LON-to-ICN,Asiana Airlines,direct, 28/5,2023-05-28,2023-05-05,-23,739.0,826.0,10.532687651331718,Sunday
LON-to-ICN,Asiana Airlines,direct, 28/5,2023-05-28,2023-05-06,-22,739.0,826.0,10.532687651331718,Sunday
LON-to-ICN,Asiana Airlines,direct, 28/5,2023-05-28,2023-05-07,-21,739.0,826.0,10.532687651331718,Sunday
LON-to-ICN,Asiana Airlines,direct, 28/5,2023-05-28,2023-05-08,-20,822.0,826.0,0.48426150121065376,Sunday
LON-to-ICN,Asiana Airlines,direct, 28/5,2023-05-28,2023-05-09,-19,868.0,826.0,-5.084745762711864,Sunday
LON-to-ICN,Asiana Airlines,direct, 28/5,2023-05-28,2023-05-10,-18,868.0,826.0,-5.084745762711864,Sunday
LON-to-ICN,Asiana Airlines,direct, 28/5,2023-05-28,2023-05-11,-17,857.0,826.0,-3.7530266343825667,Sunday
LON-to-ICN,Asiana Airlines,direct, 28/5,2023-05-28,2023-05-12,-16,867.0,826.0,-4.963680387409201,Sunday
LON-to-ICN,Asiana Airlines,direct, 28/5,2023-05-28,2023-05-13,-15,867.0,826.0,-4.963680387409201,Sunday
LON-to-ICN,Asiana Airlines,direct, 28/5,2023-05-28,2023-05-14,-14,867.0,826.0,-4.963680387409201,Sunday
LON-to-ICN,Asiana Airlines,direct, 28/5,2023-05-28,2023-05-15,-13,821.0,826.0,0.6053268765133172,Sunday
LON-to-ICN,Asiana Airlines,direct, 28/5,2023-05-28,2023-05-16,-12,826.0,826.0,0.0,Sunday
LON-to-ICN,Asiana Airlines,direct, 28/5,2023-05-28,2023-05-17,-11,766.0,826.0,7.263922518159807,Sunday
LON-to-ICN,Asiana Airlines,direct, 28/5,2023-05-28,2023-05-18,-10,766.0,826.0,7.263922518159807,Sunday
LON-to-ICN,Asiana Airlines,direct, 28/5,2023-05-28,2023-05-18,-10,859.0,826.0,-3.9951573849878934,Sunday
LON-to-ICN,Asiana Airlines,direct, 28/5,2023-05-28,2023-05-19,-9,821.0,826.0,0.6053268765133172,Sunday
LON-to-ICN,Asiana Airlines,direct, 28/5,2023-05-28,2023-05-20,-8,821.0,826.0,0.6053268765133172,Sunday
LON-to-ICN,Asiana Airlines,direct, 28/5,2023-05-28,2023-05-21,-7,821.0,826.0,0.6053268765133172,Sunday
LON-to-ICN,Asiana Airlines,direct, 28/5,2023-05-28,2023-05-22,-6,821.0,826.0,0.6053268765133172,Sunday
LON-to-ICN,Asiana Airlines,direct, 28/5,2023-05-28,2023-05-23,-5,821.0,826.0,0.6053268765133172,Sunday
LON-to-ICN,Asiana Airlines,direct, 28/5,2023-05-28,2023-05-23,-5,859.0,826.0,-3.9951573849878934,Sunday
LON-to-ICN,Asiana Airlines,direct, 28/5,2023-05-28,2023-05-24,-4,685.0,826.0,17.070217917675546,Sunday
LON-to-ICN,Asiana Airlines,direct, 28/5,2023-05-28,2023-05-25,-3,821.0,826.0,0.6053268765133172,Sunday
LON-to-ICN,Asiana Airlines,direct, 28/5,2023-05-28,2023-05-25,-3,859.0,826.0,-3.9951573849878934,Sunday
LON-to-ICN,Asiana Airlines,direct, 28/5,2023-05-28,2023-05-26,-2,821.0,826.0,0.6053268765133172,Sunday
LON-to-ICN,Asiana Airlines,direct, 28/5,2023-05-28,2023-05-27,-1,821.0,826.0,0.6053268765133172,Sunday
LON-to-ICN,Asiana Airlines,direct, 29/5,2023-05-29,2023-03-25,-65,686.0,689.0,0.43541364296081275,Monday
LON-to-ICN,Korean Air,direct, 29/5,2023-05-29,2023-03-25,-65,658.0,713.0,7.713884992987377,Monday
LON-to-ICN,Asiana Airlines,direct, 29/5,2023-05-29,2023-03-26,-64,686.0,689.0,0.43541364296081275,Monday
LON-to-ICN,Korean Air,direct, 29/5,2023-05-29,2023-03-26,-64,658.0,713.0,7.713884992987377,Monday
LON-to-ICN,Asiana Airlines,direct, 29/5,2023-05-29,2023-03-27,-63,686.0,689.0,0.43541364296081275,Monday
LON-to-ICN,Korean Air,direct, 29/5,2023-05-29,2023-03-27,-63,656.0,713.0,7.994389901823282,Monday
LON-to-ICN,Asiana Airlines,direct, 29/5,2023-05-29,2023-03-28,-62,686.0,689.0,0.43541364296081275,Monday
LON-to-ICN,Korean Air,direct, 29/5,2023-05-29,2023-03-28,-62,657.0,713.0,7.854137447405329,Monday
LON-to-ICN,Virgin Atlantic,direct, 29/5,2023-05-29,2023-03-28,-62,735.0,759.0,3.16205533596838,Monday
LON-to-ICN,Asiana Airlines,direct, 29/5,2023-05-29,2023-03-29,-61,686.0,689.0,0.43541364296081275,Monday
LON-to-ICN,Korean Air,direct, 29/5,2023-05-29,2023-03-29,-61,658.0,713.0,7.713884992987377,Monday
LON-to-ICN,Virgin Atlantic,direct, 29/5,2023-05-29,2023-03-29,-61,736.0,759.0,3.0303030303030303,Monday
LON-to-ICN,Asiana Airlines,direct, 29/5,2023-05-29,2023-03-30,-60,686.0,689.0,0.43541364296081275,Monday
LON-to-ICN,Korean Air,direct, 29/5,2023-05-29,2023-03-30,-60,649.0,713.0,8.976157082748948,Monday
LON-to-ICN,Virgin Atlantic,direct, 29/5,2023-05-29,2023-03-30,-60,695.0,759.0,8.432147562582346,Monday
LON-to-ICN,Asiana Airlines,direct, 29/5,2023-05-29,2023-03-31,-59,721.0,689.0,-4.644412191582003,Monday
LON-to-ICN,Korean Air,direct, 29/5,2023-05-29,2023-03-31,-59,674.0,713.0,5.46984572230014,Monday
LON-to-ICN,Virgin Atlantic,direct, 29/5,2023-05-29,2023-03-31,-59,715.0,759.0,5.797101449275362,Monday
LON-to-ICN,Asiana Airlines,direct, 29/5,2023-05-29,2023-04-01,-58,599.0,689.0,13.062409288824382,Monday
LON-to-ICN,Korean Air,direct, 29/5,2023-05-29,2023-04-01,-58,657.0,713.0,7.854137447405329,Monday
LON-to-ICN,Virgin Atlantic,direct, 29/5,2023-05-29,2023-04-01,-58,703.0,759.0,7.378129117259553,Monday
LON-to-ICN,Asiana Airlines,direct, 29/5,2023-05-29,2023-04-02,-57,599.0,689.0,13.062409288824382,Monday
LON-to-ICN,Korean Air,direct, 29/5,2023-05-29,2023-04-02,-57,657.0,713.0,7.854137447405329,Monday
LON-to-ICN,Virgin Atlantic,direct, 29/5,2023-05-29,2023-04-02,-57,703.0,759.0,7.378129117259553,Monday
LON-to-ICN,Asiana Airlines,direct, 29/5,2023-05-29,2023-04-03,-56,599.0,689.0,13.062409288824382,Monday
LON-to-ICN,Korean Air,direct, 29/5,2023-05-29,2023-04-03,-56,657.0,713.0,7.854137447405329,Monday
LON-to-ICN,Virgin Atlantic,direct, 29/5,2023-05-29,2023-04-03,-56,703.0,759.0,7.378129117259553,Monday
LON-to-ICN,Asiana Airlines,direct, 29/5,2023-05-29,2023-04-04,-55,599.0,689.0,13.062409288824382,Monday
LON-to-ICN,Korean Air,direct, 29/5,2023-05-29,2023-04-04,-55,686.0,713.0,3.7868162692847123,Monday
LON-to-ICN,Asiana Airlines,direct, 29/5,2023-05-29,2023-04-05,-54,596.0,689.0,13.497822931785196,Monday
LON-to-ICN,Korean Air,direct, 29/5,2023-05-29,2023-04-05,-54,683.0,713.0,4.207573632538569,Monday
LON-to-ICN,Virgin Atlantic,direct, 29/5,2023-05-29,2023-04-05,-54,732.0,759.0,3.557312252964427,Monday
LON-to-ICN,Asiana Airlines,direct, 29/5,2023-05-29,2023-04-07,-52,596.0,689.0,13.497822931785196,Monday
LON-to-ICN,Korean Air,direct, 29/5,2023-05-29,2023-04-07,-52,721.0,713.0,-1.1220196353436185,Monday
LON-to-ICN,Asiana Airlines,direct, 29/5,2023-05-29,2023-04-08,-51,598.0,689.0,13.20754716981132,Monday
LON-to-ICN,Korean Air,direct, 29/5,2023-05-29,2023-04-08,-51,772.0,713.0,-8.274894810659186,Monday
LON-to-ICN,Asiana Airlines,direct, 29/5,2023-05-29,2023-04-09,-50,599.0,689.0,13.062409288824382,Monday
LON-to-ICN,Korean Air,direct, 29/5,2023-05-29,2023-04-09,-50,773.0,713.0,-8.415147265077138,Monday
LON-to-ICN,Virgin Atlantic,direct, 29/5,2023-05-29,2023-04-09,-50,832.0,759.0,-9.617918313570488,Monday
LON-to-ICN,Asiana Airlines,direct, 29/5,2023-05-29,2023-04-13,-46,608.0,689.0,11.756168359941944,Monday
LON-to-ICN,Korean Air,direct, 29/5,2023-05-29,2023-04-13,-46,795.0,713.0,-11.50070126227209,Monday
LON-to-ICN,Asiana Airlines,direct, 29/5,2023-05-29,2023-04-14,-45,600.0,689.0,12.917271407837445,Monday
LON-to-ICN,Korean Air,direct, 29/5,2023-05-29,2023-04-14,-45,774.0,713.0,-8.55539971949509,Monday
LON-to-ICN,Virgin Atlantic,direct, 29/5,2023-05-29,2023-04-14,-45,833.0,759.0,-9.749670619235838,Monday
LON-to-ICN,Asiana Airlines,direct, 29/5,2023-05-29,2023-04-15,-44,599.0,689.0,13.062409288824382,Monday
LON-to-ICN,Korean Air,direct, 29/5,2023-05-29,2023-04-15,-44,773.0,713.0,-8.415147265077138,Monday
LON-to-ICN,Asiana Airlines,direct, 29/5,2023-05-29,2023-04-16,-43,599.0,689.0,13.062409288824382,Monday
LON-to-ICN,Korean Air,direct, 29/5,2023-05-29,2023-04-16,-43,773.0,713.0,-8.415147265077138,Monday
LON-to-ICN,Asiana Airlines,direct, 29/5,2023-05-29,2023-04-17,-42,599.0,689.0,13.062409288824382,Monday
LON-to-ICN,Korean Air,direct, 29/5,2023-05-29,2023-04-17,-42,773.0,713.0,-8.415147265077138,Monday
LON-to-ICN,Asiana Airlines,direct, 29/5,2023-05-29,2023-04-18,-41,602.0,689.0,12.62699564586357,Monday
LON-to-ICN,Korean Air,direct, 29/5,2023-05-29,2023-04-18,-41,776.0,713.0,-8.835904628330995,Monday
LON-to-ICN,Asiana Airlines,direct, 29/5,2023-05-29,2023-04-19,-40,599.0,689.0,13.062409288824382,Monday
LON-to-ICN,Korean Air,direct, 29/5,2023-05-29,2023-04-19,-40,773.0,713.0,-8.415147265077138,Monday
LON-to-ICN,Asiana Airlines,direct, 29/5,2023-05-29,2023-04-20,-39,607.0,689.0,11.901306240928882,Monday
LON-to-ICN,Korean Air,direct, 29/5,2023-05-29,2023-04-20,-39,795.0,713.0,-11.50070126227209,Monday
LON-to-ICN,Asiana Airlines,direct, 29/5,2023-05-29,2023-04-21,-38,616.0,689.0,10.595065312046444,Monday
LON-to-ICN,Korean Air,direct, 29/5,2023-05-29,2023-04-21,-38,769.0,713.0,-7.854137447405329,Monday
LON-to-ICN,Asiana Airlines,direct, 29/5,2023-05-29,2023-04-23,-36,738.0,689.0,-7.111756168359942,Monday
LON-to-ICN,Korean Air,direct, 29/5,2023-05-29,2023-04-23,-36,772.0,713.0,-8.274894810659186,Monday
LON-to-ICN,Asiana Airlines,direct, 29/5,2023-05-29,2023-04-24,-35,739.0,689.0,-7.256894049346879,Monday
LON-to-ICN,Korean Air,direct, 29/5,2023-05-29,2023-04-24,-35,773.0,713.0,-8.415147265077138,Monday
LON-to-ICN,Asiana Airlines,direct, 29/5,2023-05-29,2023-04-25,-34,739.0,689.0,-7.256894049346879,Monday
LON-to-ICN,Korean Air,direct, 29/5,2023-05-29,2023-04-25,-34,773.0,713.0,-8.415147265077138,Monday
LON-to-ICN,Asiana Airlines,direct, 29/5,2023-05-29,2023-04-26,-33,739.0,689.0,-7.256894049346879,Monday
LON-to-ICN,Asiana Airlines,direct, 29/5,2023-05-29,2023-04-27,-32,739.0,689.0,-7.256894049346879,Monday
LON-to-ICN,Korean Air,direct, 29/5,2023-05-29,2023-04-27,-32,792.0,713.0,-11.079943899018232,Monday
LON-to-ICN,Asiana Airlines,direct, 29/5,2023-05-29,2023-04-28,-31,739.0,689.0,-7.256894049346879,Monday
LON-to-ICN,Asiana Airlines,direct, 29/5,2023-05-29,2023-04-29,-30,739.0,689.0,-7.256894049346879,Monday
LON-to-ICN,Korean Air,direct, 29/5,2023-05-29,2023-04-29,-30,836.0,713.0,-17.251051893408135,Monday
LON-to-ICN,Asiana Airlines,direct, 29/5,2023-05-29,2023-04-30,-29,739.0,689.0,-7.256894049346879,Monday
LON-to-ICN,Asiana Airlines,direct, 29/5,2023-05-29,2023-05-01,-28,739.0,689.0,-7.256894049346879,Monday
LON-to-ICN,Korean Air,direct, 29/5,2023-05-29,2023-05-01,-28,777.0,713.0,-8.976157082748948,Monday
LON-to-ICN,Virgin Atlantic,direct, 29/5,2023-05-29,2023-05-01,-28,901.0,759.0,-18.708827404479578,Monday
LON-to-ICN,Asiana Airlines,direct, 29/5,2023-05-29,2023-05-02,-27,733.0,689.0,-6.386066763425253,Monday
LON-to-ICN,Korean Air,direct, 29/5,2023-05-29,2023-05-02,-27,826.0,713.0,-15.848527349228611,Monday
LON-to-ICN,Asiana Airlines,direct, 29/5,2023-05-29,2023-05-03,-26,603.0,689.0,12.481857764876633,Monday
LON-to-ICN,Asiana Airlines,direct, 29/5,2023-05-29,2023-05-03,-26,626.0,689.0,9.143686502177069,Monday
LON-to-ICN,Korean Air,direct, 29/5,2023-05-29,2023-05-03,-26,777.0,713.0,-8.976157082748948,Monday
LON-to-ICN,Asiana Airlines,direct, 29/5,2023-05-29,2023-05-04,-25,739.0,689.0,-7.256894049346879,Monday
LON-to-ICN,Korean Air,direct, 29/5,2023-05-29,2023-05-04,-25,836.0,713.0,-17.251051893408135,Monday
LON-to-ICN,Asiana Airlines,direct, 29/5,2023-05-29,2023-05-05,-24,739.0,689.0,-7.256894049346879,Monday
LON-to-ICN,Asiana Airlines,direct, 29/5,2023-05-29,2023-05-06,-23,739.0,689.0,-7.256894049346879,Monday
LON-to-ICN,Asiana Airlines,direct, 29/5,2023-05-29,2023-05-07,-22,623.0,689.0,9.57910014513788,Monday
LON-to-ICN,Asiana Airlines,direct, 29/5,2023-05-29,2023-05-08,-21,739.0,689.0,-7.256894049346879,Monday
LON-to-ICN,Korean Air,direct, 29/5,2023-05-29,2023-05-08,-21,795.0,713.0,-11.50070126227209,Monday
LON-to-ICN,Asiana Airlines,direct, 29/5,2023-05-29,2023-05-09,-20,739.0,689.0,-7.256894049346879,Monday
LON-to-ICN,Korean Air,direct, 29/5,2023-05-29,2023-05-09,-20,774.0,713.0,-8.55539971949509,Monday
LON-to-ICN,Asiana Airlines,direct, 29/5,2023-05-29,2023-05-10,-19,686.0,689.0,0.43541364296081275,Monday
LON-to-ICN,Korean Air,direct, 29/5,2023-05-29,2023-05-10,-19,795.0,713.0,-11.50070126227209,Monday
LON-to-ICN,Virgin Atlantic,direct, 29/5,2023-05-29,2023-05-10,-19,847.0,759.0,-11.594202898550725,Monday
LON-to-ICN,Asiana Airlines,direct, 29/5,2023-05-29,2023-05-11,-18,686.0,689.0,0.43541364296081275,Monday
LON-to-ICN,Korean Air,direct, 29/5,2023-05-29,2023-05-11,-18,776.0,713.0,-8.835904628330995,Monday
LON-to-ICN,Asiana Airlines,direct, 29/5,2023-05-29,2023-05-12,-17,686.0,689.0,0.43541364296081275,Monday
LON-to-ICN,Korean Air,direct, 29/5,2023-05-29,2023-05-12,-17,777.0,713.0,-8.976157082748948,Monday
LON-to-ICN,Asiana Airlines,direct, 29/5,2023-05-29,2023-05-13,-16,685.0,689.0,0.5805515239477503,Monday
LON-to-ICN,Asiana Airlines,direct, 29/5,2023-05-29,2023-05-13,-16,762.0,689.0,-10.595065312046444,Monday
LON-to-ICN,Korean Air,direct, 29/5,2023-05-29,2023-05-13,-16,777.0,713.0,-8.976157082748948,Monday
LON-to-ICN,Asiana Airlines,direct, 29/5,2023-05-29,2023-05-14,-15,685.0,689.0,0.5805515239477503,Monday
LON-to-ICN,Korean Air,direct, 29/5,2023-05-29,2023-05-14,-15,795.0,713.0,-11.50070126227209,Monday
LON-to-ICN,Virgin Atlantic,direct, 29/5,2023-05-29,2023-05-14,-15,847.0,759.0,-11.594202898550725,Monday
LON-to-ICN,Asiana Airlines,direct, 29/5,2023-05-29,2023-05-15,-14,685.0,689.0,0.5805515239477503,Monday
LON-to-ICN,Asiana Airlines,direct, 29/5,2023-05-29,2023-05-15,-14,714.0,689.0,-3.6284470246734397,Monday
LON-to-ICN,Korean Air,direct, 29/5,2023-05-29,2023-05-15,-14,777.0,713.0,-8.976157082748948,Monday
LON-to-ICN,Virgin Atlantic,direct, 29/5,2023-05-29,2023-05-15,-14,847.0,759.0,-11.594202898550725,Monday
LON-to-ICN,Asiana Airlines,direct, 29/5,2023-05-29,2023-05-16,-13,685.0,689.0,0.5805515239477503,Monday
LON-to-ICN,Korean Air,direct, 29/5,2023-05-29,2023-05-16,-13,777.0,713.0,-8.976157082748948,Monday
LON-to-ICN,Asiana Airlines,direct, 29/5,2023-05-29,2023-05-17,-12,685.0,689.0,0.5805515239477503,Monday
LON-to-ICN,Asiana Airlines,direct, 29/5,2023-05-29,2023-05-18,-11,691.0,689.0,-0.29027576197387517,Monday
LON-to-ICN,Asiana Airlines,direct, 29/5,2023-05-29,2023-05-19,-10,685.0,689.0,0.5805515239477503,Monday
LON-to-ICN,Korean Air,direct, 29/5,2023-05-29,2023-05-19,-10,773.0,713.0,-8.415147265077138,Monday
LON-to-ICN,Virgin Atlantic,direct, 29/5,2023-05-29,2023-05-19,-10,847.0,759.0,-11.594202898550725,Monday
LON-to-ICN,Asiana Airlines,direct, 29/5,2023-05-29,2023-05-20,-9,755.0,689.0,-9.57910014513788,Monday
LON-to-ICN,Korean Air,direct, 29/5,2023-05-29,2023-05-20,-9,795.0,713.0,-11.50070126227209,Monday
LON-to-ICN,Virgin Atlantic,direct, 29/5,2023-05-29,2023-05-20,-9,847.0,759.0,-11.594202898550725,Monday
LON-to-ICN,Asiana Airlines,direct, 29/5,2023-05-29,2023-05-22,-7,763.0,689.0,-10.74020319303338,Monday
LON-to-ICN,Korean Air,direct, 29/5,2023-05-29,2023-05-22,-7,690.0,713.0,3.225806451612903,Monday
LON-to-ICN,Virgin Atlantic,direct, 29/5,2023-05-29,2023-05-22,-7,739.0,759.0,2.635046113306983,Monday
LON-to-ICN,Asiana Airlines,direct, 29/5,2023-05-29,2023-05-23,-6,764.0,689.0,-10.88534107402032,Monday
LON-to-ICN,Asiana Airlines,direct, 29/5,2023-05-29,2023-05-23,-6,801.0,689.0,-16.255442670537008,Monday
LON-to-ICN,Korean Air,direct, 29/5,2023-05-29,2023-05-23,-6,708.0,713.0,0.7012622720897616,Monday
LON-to-ICN,Virgin Atlantic,direct, 29/5,2023-05-29,2023-05-23,-6,750.0,759.0,1.1857707509881423,Monday
LON-to-ICN,Asiana Airlines,direct, 29/5,2023-05-29,2023-05-24,-5,754.0,689.0,-9.433962264150942,Monday
LON-to-ICN,Korean Air,direct, 29/5,2023-05-29,2023-05-24,-5,708.0,713.0,0.7012622720897616,Monday
LON-to-ICN,Virgin Atlantic,direct, 29/5,2023-05-29,2023-05-24,-5,751.0,759.0,1.0540184453227932,Monday
LON-to-ICN,Asiana Airlines,direct, 29/5,2023-05-29,2023-05-25,-4,685.0,689.0,0.5805515239477503,Monday
LON-to-ICN,Asiana Airlines,direct, 29/5,2023-05-29,2023-05-25,-4,801.0,689.0,-16.255442670537008,Monday
LON-to-ICN,Korean Air,direct, 29/5,2023-05-29,2023-05-25,-4,708.0,713.0,0.7012622720897616,Monday
LON-to-ICN,Virgin Atlantic,direct, 29/5,2023-05-29,2023-05-25,-4,751.0,759.0,1.0540184453227932,Monday
LON-to-ICN,Asiana Airlines,direct, 29/5,2023-05-29,2023-05-26,-3,685.0,689.0,0.5805515239477503,Monday
LON-to-ICN,Korean Air,direct, 29/5,2023-05-29,2023-05-26,-3,689.0,713.0,3.3660589060308554,Monday
LON-to-ICN,Virgin Atlantic,direct, 29/5,2023-05-29,2023-05-26,-3,751.0,759.0,1.0540184453227932,Monday
LON-to-ICN,Asiana Airlines,direct, 29/5,2023-05-29,2023-05-27,-2,685.0,689.0,0.5805515239477503,Monday
LON-to-ICN,Korean Air,direct, 29/5,2023-05-29,2023-05-27,-2,708.0,713.0,0.7012622720897616,Monday
LON-to-ICN,Virgin Atlantic,direct, 29/5,2023-05-29,2023-05-27,-2,751.0,759.0,1.0540184453227932,Monday
LON-to-ICN,Asiana Airlines,direct, 29/5,2023-05-29,2023-05-28,-1,685.0,689.0,0.5805515239477503,Monday
LON-to-ICN,Korean Air,direct, 29/5,2023-05-29,2023-05-28,-1,708.0,713.0,0.7012622720897616,Monday
LON-to-ICN,Virgin Atlantic,direct, 29/5,2023-05-29,2023-05-28,-1,760.0,759.0,-0.13175230566534915,Monday
LON-to-ICN,Asiana Airlines,direct, 30/5,2023-05-30,2023-03-25,-66,686.0,689.0,0.43541364296081275,Tuesday
LON-to-ICN,Korean Air,direct, 30/5,2023-05-30,2023-03-25,-66,658.0,711.0,7.454289732770745,Tuesday
LON-to-ICN,Asiana Airlines,direct, 30/5,2023-05-30,2023-03-26,-65,761.0,689.0,-10.449927431059507,Tuesday
LON-to-ICN,Korean Air,direct, 30/5,2023-05-30,2023-03-26,-65,658.0,711.0,7.454289732770745,Tuesday
LON-to-ICN,Asiana Airlines,direct, 30/5,2023-05-30,2023-03-27,-64,759.0,689.0,-10.159651669085632,Tuesday
LON-to-ICN,Korean Air,direct, 30/5,2023-05-30,2023-03-27,-64,685.0,711.0,3.6568213783403656,Tuesday
LON-to-ICN,Virgin Atlantic,direct, 30/5,2023-05-30,2023-03-27,-64,734.0,765.0,4.052287581699346,Tuesday
LON-to-ICN,Asiana Airlines,direct, 30/5,2023-05-30,2023-03-28,-63,755.0,689.0,-9.57910014513788,Tuesday
LON-to-ICN,Korean Air,direct, 30/5,2023-05-30,2023-03-28,-63,657.0,711.0,7.594936708860759,Tuesday
LON-to-ICN,Virgin Atlantic,direct, 30/5,2023-05-30,2023-03-28,-63,735.0,765.0,3.9215686274509807,Tuesday
LON-to-ICN,Asiana Airlines,direct, 30/5,2023-05-30,2023-03-29,-62,686.0,689.0,0.43541364296081275,Tuesday
LON-to-ICN,Korean Air,direct, 30/5,2023-05-30,2023-03-29,-62,687.0,711.0,3.375527426160337,Tuesday
LON-to-ICN,Virgin Atlantic,direct, 30/5,2023-05-30,2023-03-29,-62,736.0,765.0,3.7908496732026147,Tuesday
LON-to-ICN,Asiana Airlines,direct, 30/5,2023-05-30,2023-03-30,-61,727.0,689.0,-5.515239477503628,Tuesday
LON-to-ICN,Korean Air,direct, 30/5,2023-05-30,2023-03-30,-61,649.0,711.0,8.720112517580871,Tuesday
LON-to-ICN,Virgin Atlantic,direct, 30/5,2023-05-30,2023-03-30,-61,695.0,765.0,9.150326797385622,Tuesday
LON-to-ICN,Asiana Airlines,direct, 30/5,2023-05-30,2023-03-31,-60,686.0,689.0,0.43541364296081275,Tuesday
LON-to-ICN,Korean Air,direct, 30/5,2023-05-30,2023-03-31,-60,674.0,711.0,5.20393811533052,Tuesday
LON-to-ICN,Virgin Atlantic,direct, 30/5,2023-05-30,2023-03-31,-60,704.0,765.0,7.973856209150327,Tuesday
LON-to-ICN,Asiana Airlines,direct, 30/5,2023-05-30,2023-04-01,-59,734.0,689.0,-6.531204644412191,Tuesday
LON-to-ICN,Korean Air,direct, 30/5,2023-05-30,2023-04-01,-59,657.0,711.0,7.594936708860759,Tuesday
LON-to-ICN,Virgin Atlantic,direct, 30/5,2023-05-30,2023-04-01,-59,703.0,765.0,8.104575163398692,Tuesday
LON-to-ICN,Korean Air,direct, 30/5,2023-05-30,2023-04-02,-58,657.0,711.0,7.594936708860759,Tuesday
LON-to-ICN,Virgin Atlantic,direct, 30/5,2023-05-30,2023-04-02,-58,703.0,765.0,8.104575163398692,Tuesday
LON-to-ICN,Asiana Airlines,direct, 30/5,2023-05-30,2023-04-03,-57,739.0,689.0,-7.256894049346879,Tuesday
LON-to-ICN,Korean Air,direct, 30/5,2023-05-30,2023-04-03,-57,657.0,711.0,7.594936708860759,Tuesday
LON-to-ICN,Virgin Atlantic,direct, 30/5,2023-05-30,2023-04-03,-57,703.0,765.0,8.104575163398692,Tuesday
LON-to-ICN,Asiana Airlines,direct, 30/5,2023-05-30,2023-04-04,-56,621.0,689.0,9.869375907111756,Tuesday
LON-to-ICN,Korean Air,direct, 30/5,2023-05-30,2023-04-04,-56,657.0,711.0,7.594936708860759,Tuesday
LON-to-ICN,Virgin Atlantic,direct, 30/5,2023-05-30,2023-04-04,-56,703.0,765.0,8.104575163398692,Tuesday
LON-to-ICN,Asiana Airlines,direct, 30/5,2023-05-30,2023-04-05,-55,621.0,689.0,9.869375907111756,Tuesday
LON-to-ICN,Korean Air,direct, 30/5,2023-05-30,2023-04-05,-55,679.0,711.0,4.50070323488045,Tuesday
LON-to-ICN,Virgin Atlantic,direct, 30/5,2023-05-30,2023-04-05,-55,721.0,765.0,5.751633986928105,Tuesday
LON-to-ICN,Asiana Airlines,direct, 30/5,2023-05-30,2023-04-07,-53,621.0,689.0,9.869375907111756,Tuesday
LON-to-ICN,Korean Air,direct, 30/5,2023-05-30,2023-04-07,-53,654.0,711.0,8.0168776371308,Tuesday
LON-to-ICN,Virgin Atlantic,direct, 30/5,2023-05-30,2023-04-07,-53,700.0,765.0,8.49673202614379,Tuesday
LON-to-ICN,Asiana Airlines,direct, 30/5,2023-05-30,2023-04-08,-52,738.0,689.0,-7.111756168359942,Tuesday
LON-to-ICN,Korean Air,direct, 30/5,2023-05-30,2023-04-08,-52,656.0,711.0,7.7355836849507735,Tuesday
LON-to-ICN,Virgin Atlantic,direct, 30/5,2023-05-30,2023-04-08,-52,702.0,765.0,8.23529411764706,Tuesday
LON-to-ICN,Asiana Airlines,direct, 30/5,2023-05-30,2023-04-09,-51,738.0,689.0,-7.111756168359942,Tuesday
LON-to-ICN,Korean Air,direct, 30/5,2023-05-30,2023-04-09,-51,656.0,711.0,7.7355836849507735,Tuesday
LON-to-ICN,Virgin Atlantic,direct, 30/5,2023-05-30,2023-04-09,-51,702.0,765.0,8.23529411764706,Tuesday
LON-to-ICN,Asiana Airlines,direct, 30/5,2023-05-30,2023-04-13,-47,619.0,689.0,10.159651669085632,Tuesday
LON-to-ICN,Korean Air,direct, 30/5,2023-05-30,2023-04-13,-47,679.0,711.0,4.50070323488045,Tuesday
LON-to-ICN,Virgin Atlantic,direct, 30/5,2023-05-30,2023-04-13,-47,740.0,765.0,3.2679738562091507,Tuesday
LON-to-ICN,Asiana Airlines,direct, 30/5,2023-05-30,2023-04-14,-46,600.0,689.0,12.917271407837445,Tuesday
LON-to-ICN,Korean Air,direct, 30/5,2023-05-30,2023-04-14,-46,658.0,711.0,7.454289732770745,Tuesday
LON-to-ICN,Virgin Atlantic,direct, 30/5,2023-05-30,2023-04-14,-46,736.0,765.0,3.7908496732026147,Tuesday
LON-to-ICN,Asiana Airlines,direct, 30/5,2023-05-30,2023-04-15,-45,599.0,689.0,13.062409288824382,Tuesday
LON-to-ICN,Korean Air,direct, 30/5,2023-05-30,2023-04-15,-45,657.0,711.0,7.594936708860759,Tuesday
LON-to-ICN,Virgin Atlantic,direct, 30/5,2023-05-30,2023-04-15,-45,735.0,765.0,3.9215686274509807,Tuesday
LON-to-ICN,Asiana Airlines,direct, 30/5,2023-05-30,2023-04-16,-44,599.0,689.0,13.062409288824382,Tuesday
LON-to-ICN,Korean Air,direct, 30/5,2023-05-30,2023-04-16,-44,657.0,711.0,7.594936708860759,Tuesday
LON-to-ICN,Virgin Atlantic,direct, 30/5,2023-05-30,2023-04-16,-44,735.0,765.0,3.9215686274509807,Tuesday
LON-to-ICN,Asiana Airlines,direct, 30/5,2023-05-30,2023-04-17,-43,599.0,689.0,13.062409288824382,Tuesday
LON-to-ICN,Korean Air,direct, 30/5,2023-05-30,2023-04-17,-43,657.0,711.0,7.594936708860759,Tuesday
LON-to-ICN,Virgin Atlantic,direct, 30/5,2023-05-30,2023-04-17,-43,735.0,765.0,3.9215686274509807,Tuesday
LON-to-ICN,Asiana Airlines,direct, 30/5,2023-05-30,2023-04-18,-42,593.0,689.0,13.933236574746008,Tuesday
LON-to-ICN,Korean Air,direct, 30/5,2023-05-30,2023-04-18,-42,651.0,711.0,8.438818565400844,Tuesday
LON-to-ICN,Virgin Atlantic,direct, 30/5,2023-05-30,2023-04-18,-42,729.0,765.0,4.705882352941177,Tuesday
LON-to-ICN,Asiana Airlines,direct, 30/5,2023-05-30,2023-04-19,-41,599.0,689.0,13.062409288824382,Tuesday
LON-to-ICN,Korean Air,direct, 30/5,2023-05-30,2023-04-19,-41,598.0,711.0,15.893108298171589,Tuesday
LON-to-ICN,Virgin Atlantic,direct, 30/5,2023-05-30,2023-04-19,-41,637.0,765.0,16.73202614379085,Tuesday
LON-to-ICN,Asiana Airlines,direct, 30/5,2023-05-30,2023-04-20,-40,599.0,689.0,13.062409288824382,Tuesday
LON-to-ICN,Korean Air,direct, 30/5,2023-05-30,2023-04-20,-40,598.0,711.0,15.893108298171589,Tuesday
LON-to-ICN,Virgin Atlantic,direct, 30/5,2023-05-30,2023-04-20,-40,637.0,765.0,16.73202614379085,Tuesday
LON-to-ICN,Asiana Airlines,direct, 30/5,2023-05-30,2023-04-21,-39,595.0,689.0,13.642960812772133,Tuesday
LON-to-ICN,Korean Air,direct, 30/5,2023-05-30,2023-04-21,-39,594.0,711.0,16.455696202531644,Tuesday
LON-to-ICN,Virgin Atlantic,direct, 30/5,2023-05-30,2023-04-21,-39,633.0,765.0,17.254901960784316,Tuesday
LON-to-ICN,Asiana Airlines,direct, 30/5,2023-05-30,2023-04-23,-37,598.0,689.0,13.20754716981132,Tuesday
LON-to-ICN,Korean Air,direct, 30/5,2023-05-30,2023-04-23,-37,597.0,711.0,16.0337552742616,Tuesday
LON-to-ICN,Virgin Atlantic,direct, 30/5,2023-05-30,2023-04-23,-37,636.0,765.0,16.862745098039216,Tuesday
LON-to-ICN,Asiana Airlines,direct, 30/5,2023-05-30,2023-04-24,-36,599.0,689.0,13.062409288824382,Tuesday
LON-to-ICN,Korean Air,direct, 30/5,2023-05-30,2023-04-24,-36,598.0,711.0,15.893108298171589,Tuesday
LON-to-ICN,Virgin Atlantic,direct, 30/5,2023-05-30,2023-04-24,-36,637.0,765.0,16.73202614379085,Tuesday
LON-to-ICN,Asiana Airlines,direct, 30/5,2023-05-30,2023-04-25,-35,599.0,689.0,13.062409288824382,Tuesday
LON-to-ICN,Korean Air,direct, 30/5,2023-05-30,2023-04-25,-35,598.0,711.0,15.893108298171589,Tuesday
LON-to-ICN,Virgin Atlantic,direct, 30/5,2023-05-30,2023-04-25,-35,637.0,765.0,16.73202614379085,Tuesday
LON-to-ICN,Asiana Airlines,direct, 30/5,2023-05-30,2023-04-26,-34,599.0,689.0,13.062409288824382,Tuesday
LON-to-ICN,Asiana Airlines,direct, 30/5,2023-05-30,2023-04-26,-34,626.0,689.0,9.143686502177069,Tuesday
LON-to-ICN,Korean Air,direct, 30/5,2023-05-30,2023-04-26,-34,598.0,711.0,15.893108298171589,Tuesday
LON-to-ICN,Virgin Atlantic,direct, 30/5,2023-05-30,2023-04-26,-34,637.0,765.0,16.73202614379085,Tuesday
LON-to-ICN,Asiana Airlines,direct, 30/5,2023-05-30,2023-04-27,-33,606.0,689.0,12.046444121915819,Tuesday
LON-to-ICN,Korean Air,direct, 30/5,2023-05-30,2023-04-27,-33,620.0,711.0,12.79887482419128,Tuesday
LON-to-ICN,Virgin Atlantic,direct, 30/5,2023-05-30,2023-04-27,-33,656.0,765.0,14.248366013071896,Tuesday
LON-to-ICN,Asiana Airlines,direct, 30/5,2023-05-30,2023-04-28,-32,599.0,689.0,13.062409288824382,Tuesday
LON-to-ICN,Korean Air,direct, 30/5,2023-05-30,2023-04-28,-32,598.0,711.0,15.893108298171589,Tuesday
LON-to-ICN,Virgin Atlantic,direct, 30/5,2023-05-30,2023-04-28,-32,637.0,765.0,16.73202614379085,Tuesday
LON-to-ICN,Asiana Airlines,direct, 30/5,2023-05-30,2023-04-29,-31,603.0,689.0,12.481857764876633,Tuesday
LON-to-ICN,Asiana Airlines,direct, 30/5,2023-05-30,2023-04-29,-31,626.0,689.0,9.143686502177069,Tuesday
LON-to-ICN,Korean Air,direct, 30/5,2023-05-30,2023-04-29,-31,602.0,711.0,15.330520393811533,Tuesday
LON-to-ICN,Virgin Atlantic,direct, 30/5,2023-05-30,2023-04-29,-31,641.0,765.0,16.209150326797385,Tuesday
LON-to-ICN,Asiana Airlines,direct, 30/5,2023-05-30,2023-04-30,-30,602.0,689.0,12.62699564586357,Tuesday
LON-to-ICN,Korean Air,direct, 30/5,2023-05-30,2023-04-30,-30,601.0,711.0,15.471167369901547,Tuesday
LON-to-ICN,Virgin Atlantic,direct, 30/5,2023-05-30,2023-04-30,-30,640.0,765.0,16.339869281045754,Tuesday
LON-to-ICN,Asiana Airlines,direct, 30/5,2023-05-30,2023-05-01,-29,603.0,689.0,12.481857764876633,Tuesday
LON-to-ICN,Korean Air,direct, 30/5,2023-05-30,2023-05-01,-29,690.0,711.0,2.9535864978902953,Tuesday
LON-to-ICN,Virgin Atlantic,direct, 30/5,2023-05-30,2023-05-01,-29,739.0,765.0,3.3986928104575167,Tuesday
LON-to-ICN,Asiana Airlines,direct, 30/5,2023-05-30,2023-05-02,-28,606.0,689.0,12.046444121915819,Tuesday
LON-to-ICN,Asiana Airlines,direct, 30/5,2023-05-30,2023-05-02,-28,626.0,689.0,9.143686502177069,Tuesday
LON-to-ICN,Korean Air,direct, 30/5,2023-05-30,2023-05-02,-28,708.0,711.0,0.42194092827004215,Tuesday
LON-to-ICN,Virgin Atlantic,direct, 30/5,2023-05-30,2023-05-02,-28,753.0,765.0,1.5686274509803924,Tuesday
LON-to-ICN,Asiana Airlines,direct, 30/5,2023-05-30,2023-05-03,-27,607.0,689.0,11.901306240928882,Tuesday
LON-to-ICN,Korean Air,direct, 30/5,2023-05-30,2023-05-03,-27,708.0,711.0,0.42194092827004215,Tuesday
LON-to-ICN,Virgin Atlantic,direct, 30/5,2023-05-30,2023-05-03,-27,753.0,765.0,1.5686274509803924,Tuesday
LON-to-ICN,Asiana Airlines,direct, 30/5,2023-05-30,2023-05-04,-26,603.0,689.0,12.481857764876633,Tuesday
LON-to-ICN,Korean Air,direct, 30/5,2023-05-30,2023-05-04,-26,690.0,711.0,2.9535864978902953,Tuesday
LON-to-ICN,Virgin Atlantic,direct, 30/5,2023-05-30,2023-05-04,-26,739.0,765.0,3.3986928104575167,Tuesday
LON-to-ICN,Asiana Airlines,direct, 30/5,2023-05-30,2023-05-05,-25,605.0,689.0,12.191582002902758,Tuesday
LON-to-ICN,Asiana Airlines,direct, 30/5,2023-05-30,2023-05-05,-25,626.0,689.0,9.143686502177069,Tuesday
LON-to-ICN,Korean Air,direct, 30/5,2023-05-30,2023-05-05,-25,708.0,711.0,0.42194092827004215,Tuesday
LON-to-ICN,Virgin Atlantic,direct, 30/5,2023-05-30,2023-05-05,-25,752.0,765.0,1.6993464052287583,Tuesday
LON-to-ICN,Asiana Airlines,direct, 30/5,2023-05-30,2023-05-06,-24,605.0,689.0,12.191582002902758,Tuesday
LON-to-ICN,Korean Air,direct, 30/5,2023-05-30,2023-05-06,-24,708.0,711.0,0.42194092827004215,Tuesday
LON-to-ICN,Virgin Atlantic,direct, 30/5,2023-05-30,2023-05-06,-24,752.0,765.0,1.6993464052287583,Tuesday
LON-to-ICN,Asiana Airlines,direct, 30/5,2023-05-30,2023-05-07,-23,623.0,689.0,9.57910014513788,Tuesday
LON-to-ICN,Korean Air,direct, 30/5,2023-05-30,2023-05-07,-23,690.0,711.0,2.9535864978902953,Tuesday
LON-to-ICN,Virgin Atlantic,direct, 30/5,2023-05-30,2023-05-07,-23,739.0,765.0,3.3986928104575167,Tuesday
LON-to-ICN,Asiana Airlines,direct, 30/5,2023-05-30,2023-05-08,-22,605.0,689.0,12.191582002902758,Tuesday
LON-to-ICN,Korean Air,direct, 30/5,2023-05-30,2023-05-08,-22,708.0,711.0,0.42194092827004215,Tuesday
LON-to-ICN,Virgin Atlantic,direct, 30/5,2023-05-30,2023-05-08,-22,752.0,765.0,1.6993464052287583,Tuesday
LON-to-ICN,Asiana Airlines,direct, 30/5,2023-05-30,2023-05-09,-21,605.0,689.0,12.191582002902758,Tuesday
LON-to-ICN,Korean Air,direct, 30/5,2023-05-30,2023-05-09,-21,687.0,711.0,3.375527426160337,Tuesday
LON-to-ICN,Virgin Atlantic,direct, 30/5,2023-05-30,2023-05-09,-21,751.0,765.0,1.8300653594771243,Tuesday
LON-to-ICN,Asiana Airlines,direct, 30/5,2023-05-30,2023-05-10,-20,712.0,689.0,-3.3381712626995643,Tuesday
LON-to-ICN,Korean Air,direct, 30/5,2023-05-30,2023-05-10,-20,708.0,711.0,0.42194092827004215,Tuesday
LON-to-ICN,Virgin Atlantic,direct, 30/5,2023-05-30,2023-05-10,-20,751.0,765.0,1.8300653594771243,Tuesday
LON-to-ICN,Asiana Airlines,direct, 30/5,2023-05-30,2023-05-11,-19,686.0,689.0,0.43541364296081275,Tuesday
LON-to-ICN,Asiana Airlines,direct, 30/5,2023-05-30,2023-05-11,-19,830.0,689.0,-20.4644412191582,Tuesday
LON-to-ICN,Korean Air,direct, 30/5,2023-05-30,2023-05-11,-19,689.0,711.0,3.0942334739803092,Tuesday
LON-to-ICN,Virgin Atlantic,direct, 30/5,2023-05-30,2023-05-11,-19,751.0,765.0,1.8300653594771243,Tuesday
LON-to-ICN,Asiana Airlines,direct, 30/5,2023-05-30,2023-05-12,-18,686.0,689.0,0.43541364296081275,Tuesday
LON-to-ICN,Korean Air,direct, 30/5,2023-05-30,2023-05-12,-18,690.0,711.0,2.9535864978902953,Tuesday
LON-to-ICN,Virgin Atlantic,direct, 30/5,2023-05-30,2023-05-12,-18,751.0,765.0,1.8300653594771243,Tuesday
LON-to-ICN,Asiana Airlines,direct, 30/5,2023-05-30,2023-05-13,-17,685.0,689.0,0.5805515239477503,Tuesday
LON-to-ICN,Korean Air,direct, 30/5,2023-05-30,2023-05-13,-17,690.0,711.0,2.9535864978902953,Tuesday
LON-to-ICN,Virgin Atlantic,direct, 30/5,2023-05-30,2023-05-13,-17,751.0,765.0,1.8300653594771243,Tuesday
LON-to-ICN,Asiana Airlines,direct, 30/5,2023-05-30,2023-05-14,-16,685.0,689.0,0.5805515239477503,Tuesday
LON-to-ICN,Asiana Airlines,direct, 30/5,2023-05-30,2023-05-14,-16,738.0,689.0,-7.111756168359942,Tuesday
LON-to-ICN,Korean Air,direct, 30/5,2023-05-30,2023-05-14,-16,687.0,711.0,3.375527426160337,Tuesday
LON-to-ICN,Virgin Atlantic,direct, 30/5,2023-05-30,2023-05-14,-16,736.0,765.0,3.7908496732026147,Tuesday
LON-to-ICN,Asiana Airlines,direct, 30/5,2023-05-30,2023-05-15,-15,685.0,689.0,0.5805515239477503,Tuesday
LON-to-ICN,Korean Air,direct, 30/5,2023-05-30,2023-05-15,-15,690.0,711.0,2.9535864978902953,Tuesday
LON-to-ICN,Asiana Airlines,direct, 30/5,2023-05-30,2023-05-16,-14,685.0,689.0,0.5805515239477503,Tuesday
LON-to-ICN,Korean Air,direct, 30/5,2023-05-30,2023-05-16,-14,690.0,711.0,2.9535864978902953,Tuesday
LON-to-ICN,Virgin Atlantic,direct, 30/5,2023-05-30,2023-05-16,-14,747.0,765.0,2.3529411764705883,Tuesday
LON-to-ICN,Asiana Airlines,direct, 30/5,2023-05-30,2023-05-17,-13,685.0,689.0,0.5805515239477503,Tuesday
LON-to-ICN,Asiana Airlines,direct, 30/5,2023-05-30,2023-05-17,-13,714.0,689.0,-3.6284470246734397,Tuesday
LON-to-ICN,Korean Air,direct, 30/5,2023-05-30,2023-05-17,-13,690.0,711.0,2.9535864978902953,Tuesday
LON-to-ICN,Virgin Atlantic,direct, 30/5,2023-05-30,2023-05-17,-13,739.0,765.0,3.3986928104575167,Tuesday
LON-to-ICN,Asiana Airlines,direct, 30/5,2023-05-30,2023-05-18,-12,685.0,689.0,0.5805515239477503,Tuesday
LON-to-ICN,Korean Air,direct, 30/5,2023-05-30,2023-05-18,-12,708.0,711.0,0.42194092827004215,Tuesday
LON-to-ICN,Virgin Atlantic,direct, 30/5,2023-05-30,2023-05-18,-12,751.0,765.0,1.8300653594771243,Tuesday
LON-to-ICN,Asiana Airlines,direct, 30/5,2023-05-30,2023-05-19,-11,685.0,689.0,0.5805515239477503,Tuesday
LON-to-ICN,Korean Air,direct, 30/5,2023-05-30,2023-05-19,-11,686.0,711.0,3.5161744022503516,Tuesday
LON-to-ICN,Virgin Atlantic,direct, 30/5,2023-05-30,2023-05-19,-11,751.0,765.0,1.8300653594771243,Tuesday
LON-to-ICN,Asiana Airlines,direct, 30/5,2023-05-30,2023-05-20,-10,685.0,689.0,0.5805515239477503,Tuesday
LON-to-ICN,Korean Air,direct, 30/5,2023-05-30,2023-05-20,-10,708.0,711.0,0.42194092827004215,Tuesday
LON-to-ICN,Virgin Atlantic,direct, 30/5,2023-05-30,2023-05-20,-10,751.0,765.0,1.8300653594771243,Tuesday
LON-to-ICN,Asiana Airlines,direct, 30/5,2023-05-30,2023-05-21,-9,685.0,689.0,0.5805515239477503,Tuesday
LON-to-ICN,Korean Air,direct, 30/5,2023-05-30,2023-05-21,-9,708.0,711.0,0.42194092827004215,Tuesday
LON-to-ICN,Virgin Atlantic,direct, 30/5,2023-05-30,2023-05-21,-9,751.0,765.0,1.8300653594771243,Tuesday
LON-to-ICN,Asiana Airlines,direct, 30/5,2023-05-30,2023-05-22,-8,685.0,689.0,0.5805515239477503,Tuesday
LON-to-ICN,Korean Air,direct, 30/5,2023-05-30,2023-05-22,-8,690.0,711.0,2.9535864978902953,Tuesday
LON-to-ICN,Virgin Atlantic,direct, 30/5,2023-05-30,2023-05-22,-8,739.0,765.0,3.3986928104575167,Tuesday
LON-to-ICN,Asiana Airlines,direct, 30/5,2023-05-30,2023-05-23,-7,685.0,689.0,0.5805515239477503,Tuesday
LON-to-ICN,Korean Air,direct, 30/5,2023-05-30,2023-05-23,-7,708.0,711.0,0.42194092827004215,Tuesday
LON-to-ICN,Virgin Atlantic,direct, 30/5,2023-05-30,2023-05-23,-7,750.0,765.0,1.9607843137254903,Tuesday
LON-to-ICN,Asiana Airlines,direct, 30/5,2023-05-30,2023-05-24,-6,685.0,689.0,0.5805515239477503,Tuesday
LON-to-ICN,Korean Air,direct, 30/5,2023-05-30,2023-05-24,-6,794.0,711.0,-11.673699015471167,Tuesday
LON-to-ICN,Asiana Airlines,direct, 30/5,2023-05-30,2023-05-25,-5,692.0,689.0,-0.43541364296081275,Tuesday
LON-to-ICN,Asiana Airlines,direct, 30/5,2023-05-30,2023-05-25,-5,801.0,689.0,-16.255442670537008,Tuesday
LON-to-ICN,Korean Air,direct, 30/5,2023-05-30,2023-05-25,-5,795.0,711.0,-11.814345991561181,Tuesday
LON-to-ICN,Virgin Atlantic,direct, 30/5,2023-05-30,2023-05-25,-5,847.0,765.0,-10.718954248366014,Tuesday
LON-to-ICN,Asiana Airlines,direct, 30/5,2023-05-30,2023-05-26,-4,685.0,689.0,0.5805515239477503,Tuesday
LON-to-ICN,Korean Air,direct, 30/5,2023-05-30,2023-05-26,-4,776.0,711.0,-9.142053445850914,Tuesday
LON-to-ICN,Virgin Atlantic,direct, 30/5,2023-05-30,2023-05-26,-4,847.0,765.0,-10.718954248366014,Tuesday
LON-to-ICN,Asiana Airlines,direct, 30/5,2023-05-30,2023-05-27,-3,685.0,689.0,0.5805515239477503,Tuesday
LON-to-ICN,Korean Air,direct, 30/5,2023-05-30,2023-05-27,-3,795.0,711.0,-11.814345991561181,Tuesday
LON-to-ICN,Virgin Atlantic,direct, 30/5,2023-05-30,2023-05-27,-3,847.0,765.0,-10.718954248366014,Tuesday
LON-to-ICN,Asiana Airlines,direct, 30/5,2023-05-30,2023-05-28,-2,685.0,689.0,0.5805515239477503,Tuesday
LON-to-ICN,Korean Air,direct, 30/5,2023-05-30,2023-05-28,-2,795.0,711.0,-11.814345991561181,Tuesday
LON-to-ICN,Virgin Atlantic,direct, 30/5,2023-05-30,2023-05-28,-2,847.0,765.0,-10.718954248366014,Tuesday
LON-to-ICN,Asiana Airlines,direct, 30/5,2023-05-30,2023-05-29,-1,685.0,689.0,0.5805515239477503,Tuesday
LON-to-ICN,Korean Air,direct, 30/5,2023-05-30,2023-05-29,-1,795.0,711.0,-11.814345991561181,Tuesday
LON-to-ICN,Virgin Atlantic,direct, 30/5,2023-05-30,2023-05-29,-1,854.0,765.0,-11.633986928104576,Tuesday
